SiteID,Common_Name,Native_Status,Number
ASH11682,Smallmouth Bass,Native,1
ASH11682,Walleye,Native,1
ASH11683,Johnny Darter,Native,1
ASH11683,Walleye,Native,1
ASH11684,Golden Shiner,Native,1
ASH11686,Northern Pike,Native,1
ASH11686,Yellow Perch,Native,1
ASH11689,Trout-perch,Native,1
ASH11690,Northern Pike,Native,1
ASH11690,Emerald Shiner,Native,1
ASH11690,Spottail Shiner,Native,1
ASH11690,Yellow Perch,Native,1
ASH11691,Muskellunge,Native,1
ASH11692,Lake Sturgeon,Native,1
ASH11692,Trout-perch,Native,1
ASH11693,Lake Sturgeon,Native,1
ASH11693,White Perch,Non-Native,1
ASH11696,Walleye,Native,1
ASH11699,Trout-perch,Native,1
ASH11699,Silver Redhorse,Native,1
ASH11699,Spottail Shiner,Native,1
ASH11699,Yellow Perch,Native,1
ASH11701,Trout-perch,Native,1
ASH11701,Shorthead Redhorse,Native,1
ASH11701,Rock Bass,Native,1
ASH11701,Black Crappie,Native,1
ASH11702,Silver Redhorse,Native,1
ASH11702,Yellow Perch,Native,1
ASH11703,Trout-perch,Native,1
ASH11703,Shorthead Redhorse,Native,1
ASH11703,Golden Shiner,Native,1
ASH11703,Emerald Shiner,Native,1
ASH11703,Spottail Shiner,Native,1
ASH11704,Muskellunge,Native,1
ASH11704,Brown Bullhead,Native,1
ASH11704,Trout-perch,Native,1
ASH11704,Golden Shiner,Native,1
ASH11704,Emerald Shiner,Native,1
ASH11704,Rock Bass,Native,1
ASH11704,Round Goby,Non-Native,1
ASH11705,Brown Bullhead,Native,1
ASH11705,Walleye,Native,1
ASH11706,Tadpole Madtom,Native,1
ASH11706,Emerald Shiner,Native,1
ASH11706,Black Crappie,Native,1
ASH11707,Golden Shiner,Native,1
ASH11707,Tubenose Goby,Non-Native,1
ASH11708,Brown Bullhead,Native,1
ASH11708,Rock Bass,Native,1
ASH11708,Smallmouth Bass,Native,1
ASH11709,Black Bullhead,Native,1
ASH11709,Pumpkinseed,Native,1
ASH11710,Black Bullhead,Native,1
ASH11710,Pumpkinseed,Native,1
ASH11710,Ruffe,Non-Native,1
ASH11711,White Bass,Non-Native,1
ASH11711,Bluegill,Native,1
ASH11712,White Perch,Non-Native,1
ASH11712,Rock Bass,Native,1
ASH11712,Pumpkinseed,Native,1
ASH11712,Yellow Perch,Native,1
ASH11713,Spottail Shiner,Native,1
ASH11713,Pumpkinseed,Native,1
ASH11713,Johnny Darter,Native,1
ASH11714,Brown Bullhead,Native,1
ASH11714,Rock Bass,Native,1
ASH11715,Threespine Stickleback,Non-Native,1
ASH11715,Fathead Minnow,Native,1
ASH11715,Creek Chub,Native,1
ASH11715,Rock Bass,Native,1
ASH11715,Smallmouth Bass,Native,1
ASH11716,Rainbow Smelt,Non-Native,1
ASH11716,Northern Pike,Native,1
ASH11716,Black Bullhead,Native,1
ASH11716,Rock Bass,Native,1
ASH11716,Black Crappie,Native,1
ASH11717,Trout-perch,Native,1
ASH11717,Silver Redhorse,Native,1
ASH11717,Shorthead Redhorse,Native,1
ASH11717,Mimic Shiner,Native,1
ASH11717,Fathead Minnow,Native,1
ASH11718,Black Bullhead,Native,1
ASH11718,Shorthead Redhorse,Native,1
ASH11718,Bluegill,Native,1
ASH11719,Threespine Stickleback,Non-Native,1
ASH11719,White Sucker,Native,1
ASH11719,Shorthead Redhorse,Native,1
ASH11719,Mimic Shiner,Native,1
ASH11719,Smallmouth Bass,Native,1
ASH11720,White Sucker,Native,1
ASH11720,Smallmouth Bass,Native,1
ASH11720,Round Goby,Non-Native,1
ASH11721,Spottail Shiner,Native,1
ASH11722,Central Mudminnow,Native,1
ASH11722,White Sucker,Native,1
ASH11722,Rock Bass,Native,1
ASH11723,Brown Bullhead,Native,1
ASH11723,Trout-perch,Native,1
ASH11723,Round Goby,Non-Native,1
ASH11960,Shorthead Redhorse,Native,1
ASH11960,Walleye,Native,1
ASH11960,Round Goby,Non-Native,1
ASH11961,Ruffe,Non-Native,1
ASH11962,Northern Pike,Native,1
ASH11962,Bluegill,Native,1
ASH11962,Smallmouth Bass,Native,1
ASH11963,Spottail Shiner,Native,1
ASH11963,Rock Bass,Native,1
ASH11963,Pumpkinseed,Native,1
ASH11963,Bluegill,Native,1
ASH11964,Common Carp,Non-Native,1
ASH11964,Golden Shiner,Native,1
ASH11965,Trout-perch,Native,1
ASH11965,Golden Shiner,Native,1
ASH11965,Rock Bass,Native,1
ASH11965,Bluegill,Native,1
ASH11965,Largemouth Bass,Native,1
ASH11966,Northern Pike,Native,1
ASH11966,Black Bullhead,Native,1
ASH11966,Channel Catfish,Native,1
ASH11966,Common Carp,Non-Native,1
ASH11966,Ruffe,Non-Native,1
ASH11967,Trout-perch,Native,1
ASH11967,Johnny Darter,Native,1
ASH11968,Johnny Darter,Native,1
ASH11968,Yellow Perch,Native,1
ASH11968,Walleye,Native,1
ASH11969,White Bass,Non-Native,1
ASH11970,Channel Catfish,Native,1
ASH11970,Silver Redhorse,Native,1
ASH11970,Shorthead Redhorse,Native,1
ASH11970,Tubenose Goby,Non-Native,1
ASH11971,Golden Shiner,Native,1
ASH11971,Mimic Shiner,Native,1
ASH11971,Smallmouth Bass,Native,1
ASH11971,Round Goby,Non-Native,1
ASH11972,Rock Bass,Native,1
ASH11972,Logperch,Native,1
ASH11973,Silver Redhorse,Native,1
ASH11973,Emerald Shiner,Native,1
ASH11973,Logperch,Native,1
ASH11973,Walleye,Native,1
ASH11974,Silver Redhorse,Native,1
ASH11974,Pumpkinseed,Native,1
ASH11974,Johnny Darter,Native,1
ASH11975,Brown Bullhead,Native,1
ASH11975,Trout-perch,Native,1
ASH11975,Shorthead Redhorse,Native,1
ASH11975,Walleye,Native,1
ASH11976,Brown Bullhead,Native,1
ASH11976,Smallmouth Bass,Native,1
ASH11976,Sunfishes,,1
ASH11977,Channel Catfish,Native,1
ASH11977,Spottail Shiner,Native,1
ASH11977,Black Crappie,Native,1
ASH11977,Sunfishes,,1
ASH11977,Yellow Perch,Native,1
ASH11978,Brook Stickleback,Native,1
ASH11978,Trout-perch,Native,1
ASH11978,Silver Redhorse,Native,1
ASH11978,Shorthead Redhorse,Native,1
ASH11978,Emerald Shiner,Native,1
ASH11978,Walleye,Native,1
ASH11979,Trout-perch,Native,1
ASH11979,Shorthead Redhorse,Native,1
ASH11980,Northern Pike,Native,1
ASH11980,White Perch,Non-Native,1
ASH11980,Freshwater Drum,Non-Native,1
ASH11980,Walleye,Native,1
ASH11981,Northern Pike,Native,1
ASH11981,Silver Redhorse,Native,1
ASH11981,Yellow Perch,Native,1
ASH11982,Freshwater Drum,Non-Native,1
ASH11982,Rock Bass,Native,1
ASH11983,Silver Redhorse,Native,1
ASH11983,Rock Bass,Native,1
ASH11983,Yellow Perch,Native,1
ASH11984,Silver Redhorse,Native,1
ASH11985,Shorthead Redhorse,Native,1
ASH11985,Sunfishes,,1
ASH11986,Northern Pike,Native,1
ASH11986,White Perch,Non-Native,1
ASH11986,Common Carp,Non-Native,1
ASH11986,Silver Redhorse,Native,1
ASH11986,Shorthead Redhorse,Native,1
ASH11986,Golden Shiner,Native,1
ASH11986,Rock Bass,Native,1
ASH11987,Muskellunge,Native,1
ASH11987,Common Carp,Non-Native,1
ASH11987,Shorthead Redhorse,Native,1
ASH11987,Spottail Shiner,Native,1
ASH11987,Pumpkinseed,Native,1
ASH11987,Walleye,Native,1
ASH11988,Pumpkinseed,Native,1
ASH11988,Bluegill,Native,1
ASH11989,Shorthead Redhorse,Native,1
ASH11989,Emerald Shiner,Native,1
ASH11990,Golden Shiner,Native,1
ASH11990,Pumpkinseed,Native,1
ASH11990,Yellow Perch,Native,1
ASH11991,Freshwater Drum,Non-Native,1
ASH11991,Shorthead Redhorse,Native,1
ASH11991,Pumpkinseed,Native,1
ASH11991,Largemouth Bass,Native,1
ASH11991,Yellow Perch,Native,1
ASH11992,Freshwater Drum,Non-Native,1
ASH11992,Emerald Shiner,Native,1
ASH11992,Pumpkinseed,Native,1
ASH11992,Largemouth Bass,Native,1
ASH11992,Black Crappie,Native,1
ASH11993,Emerald Shiner,Native,1
ASH11993,Spottail Shiner,Native,1
ASH11993,Pumpkinseed,Native,1
ASH11993,Smallmouth Bass,Native,1
ASH11993,Yellow Perch,Native,1
ASH11995,White Perch,Non-Native,1
ASH11995,Emerald Shiner,Native,1
ASH11996,Shorthead Redhorse,Native,1
ASH11997,Shorthead Redhorse,Native,1
ASH11997,Spottail Shiner,Native,1
ASH11997,Smallmouth Bass,Native,1
ASH11998,Muskellunge,Native,1
ASH11998,Mimic Shiner,Native,1
ASH11999,Walleye,Native,1
ASH12000,Silver Redhorse,Native,1
ASH12000,Black Crappie,Native,1
ASH12000,Ruffe,Non-Native,1
ASH12001,Trout-perch,Native,1
ASH12001,Emerald Shiner,Native,1
ASH12001,Rock Bass,Native,1
ASH12002,Channel Catfish,Native,1
ASH12002,Bluegill,Native,1
ASH12002,Black Crappie,Native,1
ASH12002,Walleye,Native,1
ASH12003,Yellow Perch,Native,1
ASH12004,Northern Pike,Native,1
ASH12004,Stonecat,Native,1
ASH12004,Trout-perch,Native,1
ASH12004,White Sucker,Native,1
ASH12004,Mimic Shiner,Native,1
ASH12004,Yellow Perch,Native,1
ASH12004,Round Goby,Non-Native,1
ASH12005,Rock Bass,Native,1
ASH12005,Black Crappie,Native,1
ASH12006,Trout-perch,Native,1
ASH12006,Emerald Shiner,Native,1
ASH12006,Black Crappie,Native,1
ASH12006,Yellow Perch,Native,1
ASH12007,Trout-perch,Native,1
ASH12007,Spottail Shiner,Native,1
ASH12008,Tadpole Madtom,Native,1
ASH12008,Tubenose Goby,Non-Native,1
ASH12009,Spottail Shiner,Native,1
ASH12009,Sunfishes,,1
ASH12009,Yellow Perch,Native,1
ASH12010,Rock Bass,Native,1
ASH12010,Bluegill,Native,1
ASH12010,Largemouth Bass,Native,1
ASH12010,Sunfishes,,1
ASH12010,Walleye,Native,1
ASH12011,White Perch,Non-Native,1
ASH12011,Silver Redhorse,Native,1
ASH12011,Walleye,Native,1
ASH12012,Tadpole Madtom,Native,1
ASH12012,Yellow Perch,Native,1
ASH12013,White Sucker,Native,1
ASH12013,Golden Shiner,Native,1
ASH12013,Rock Bass,Native,1
ASH12013,Pumpkinseed,Native,1
ASH12014,White Sucker,Native,1
ASH12014,Emerald Shiner,Native,1
ASH12014,Pumpkinseed,Native,1
ASH12014,Round Goby,Non-Native,1
ASH12015,Tadpole Madtom,Native,1
ASH12015,Common Carp,Non-Native,1
ASH12015,White Sucker,Native,1
ASH12015,Golden Shiner,Native,1
ASH12015,Rock Bass,Native,1
ASH12016,Black Bullhead,Native,1
ASH12016,Tadpole Madtom,Native,1
ASH12016,Pumpkinseed,Native,1
ASH12016,Bluegill,Native,1
ASH12016,Johnny Darter,Native,1
ASH12017,Sunfishes,,1
ASH12017,Johnny Darter,Native,1
ASH12017,Yellow Perch,Native,1
ASH12018,Tadpole Madtom,Native,1
ASH12018,Pumpkinseed,Native,1
ASH12018,Bluegill,Native,1
ASH12018,Sunfishes,,1
ASH12019,White Sucker,Native,1
ASH12019,Yellow Perch,Native,1
ASH12020,Rainbow Smelt,Non-Native,1
ASH12020,Northern Pike,Native,1
ASH12020,Ninespine Stickleback,Native,1
ASH12020,White Perch,Non-Native,1
ASH12020,Emerald Shiner,Native,1
ASH12020,Black Crappie,Native,1
ASH12021,Northern Pike,Native,1
ASH12021,Silver Redhorse,Native,1
ASH12021,Pumpkinseed,Native,1
ASH12021,Tubenose Goby,Non-Native,1
ASH12022,Black Crappie,Native,1
ASH12022,Ruffe,Non-Native,1
ASH12023,Rainbow Smelt,Non-Native,1
ASH12023,Northern Pike,Native,1
ASH12023,Black Bullhead,Native,1
ASH12023,Channel Catfish,Native,1
ASH12023,Burbot,Native,1
ASH12023,Bluegill,Native,1
ASH12024,Tadpole Madtom,Native,1
ASH12024,Yellow Perch,Native,1
ASH12026,Northern Pike,Native,1
ASH12027,Northern Pike,Native,1
ASH12028,Rock Bass,Native,1
ASH12028,Largemouth Bass,Native,1
ASH12032,Yellow Perch,Native,1
ASH12033,Brook Silverside,Non-Native,1
ASH12033,Shorthead Redhorse,Native,1
ASH12033,Black Crappie,Native,1
ASH12034,Northern Pike,Native,1
ASH12034,Brook Silverside,Non-Native,1
ASH12034,Emerald Shiner,Native,1
ASH12034,Rock Bass,Native,1
ASH12034,Walleye,Native,1
ASH12035,Yellow Perch,Native,1
ASH12040,Shorthead Redhorse,Native,1
ASH12041,White Sucker,Native,1
ASH12041,Golden Shiner,Native,1
ASH12041,Yellow Perch,Native,1
ASH12042,Rainbow Smelt,Non-Native,1
ASH12042,Emerald Shiner,Native,1
ASH12043,White Sucker,Native,1
ASH12043,Black Crappie,Native,1
ASH12044,White Sucker,Native,1
ASH12044,Walleye,Native,1
ASH12045,Trout-perch,Native,1
ASH12046,Tadpole Madtom,Native,1
ASH12046,Rock Bass,Native,1
ASH12046,Black Crappie,Native,1
ASH12046,Walleye,Native,1
ASH12046,Round Goby,Non-Native,1
ASH12047,Spottail Shiner,Native,1
ASH12047,Yellow Perch,Native,1
ASH12047,Walleye,Native,1
ASH12047,Round Goby,Non-Native,1
ASH12048,Round Goby,Non-Native,1
ASH12049,Silver Redhorse,Native,1
ASH12049,Golden Shiner,Native,1
ASH12049,Round Goby,Non-Native,1
ASH12050,Round Goby,Non-Native,1
ASH12051,Trout-perch,Native,1
ASH12051,Rock Bass,Native,1
ASH12052,Shorthead Redhorse,Native,1
ASH12052,Rock Bass,Native,1
ASH12052,Bluegill,Native,1
ASH12052,Johnny Darter,Native,1
ASH12052,Round Goby,Non-Native,1
ASH12053,Yellow Perch,Native,1
ASH12054,Walleye,Native,1
ASH12056,Rainbow Smelt,Non-Native,1
ASH12056,Shorthead Redhorse,Native,1
ASH12056,Spottail Shiner,Native,1
ASH12056,Ruffe,Non-Native,1
ASH12057,Rainbow Smelt,Non-Native,1
ASH12057,Round Goby,Non-Native,1
ASH12058,Walleye,Native,1
ASH12062,Yellow Perch,Native,1
ASH12062,Walleye,Native,1
ASH12062,Round Goby,Non-Native,1
ASH12063,White Sucker,Native,1
ASH12063,Walleye,Native,1
ASH12063,Round Goby,Non-Native,1
ASH12064,Walleye,Native,1
ASH12066,Black Crappie,Native,1
ASH12067,Logperch,Native,1
ASH12068,Walleye,Native,1
ASH12068,Round Goby,Non-Native,1
ASH12069,Muskellunge,Native,1
ASH12069,White Sucker,Native,1
ASH12069,Emerald Shiner,Native,1
ASH12069,Ruffe,Non-Native,1
ASH12070,Emerald Shiner,Native,1
ASH12071,Rainbow Smelt,Non-Native,1
ASH12071,Trout-perch,Native,1
ASH12072,Shorthead Redhorse,Native,1
ASH12072,Yellow Perch,Native,1
ASH12073,Ruffe,Non-Native,1
ASH12075,White Perch,Non-Native,1
ASH12075,Spottail Shiner,Native,1
ASH12075,Black Crappie,Native,1
ASH12075,Yellow Perch,Native,1
ASH12075,Walleye,Native,1
ASH12076,White Sucker,Native,1
ASH12076,Round Goby,Non-Native,1
ASH12077,Rainbow Smelt,Non-Native,1
ASH12077,Ruffe,Non-Native,1
ASH12078,Rock Bass,Native,1
ASH12078,Black Crappie,Native,1
ASH12079,Black Crappie,Native,1
ASH12079,Logperch,Native,1
ASH12080,White Perch,Non-Native,1
ASH12080,Spottail Shiner,Native,1
ASH12080,Yellow Perch,Native,1
ASH12087,White Perch,Non-Native,1
ASH12087,Ruffe,Non-Native,1
ASH12087,Round Goby,Non-Native,1
ASH12088,Trout-perch,Native,1
ASH12090,Yellow Perch,Native,1
ASH12090,Ruffe,Non-Native,1
ASH12092,White Bass,Non-Native,1
ASH12092,Freshwater Drum,Non-Native,1
ASH12092,White Sucker,Native,1
ASH12092,Rock Bass,Native,1
ASH12092,Logperch,Native,1
ASH12092,Walleye,Native,1
ASH12093,Freshwater Drum,Non-Native,1
ASH12093,Rock Bass,Native,1
ASH12093,Round Goby,Non-Native,1
ASH12095,Spottail Shiner,Native,1
ASH12096,Freshwater Drum,Non-Native,1
ASH12096,Shorthead Redhorse,Native,1
ASH12097,Freshwater Drum,Non-Native,1
ASH12098,Black Crappie,Native,1
ASH12098,Yellow Perch,Native,1
ASH12099,White Sucker,Native,1
ASH12099,Walleye,Native,1
ASH12100,Freshwater Drum,Non-Native,1
ASH12101,Spottail Shiner,Native,1
ASH12101,Yellow Perch,Native,1
ASH12102,White Perch,Non-Native,1
ASH12102,Black Crappie,Native,1
ASH12104,Freshwater Drum,Non-Native,1
ASH12104,Ruffe,Non-Native,1
ASH12106,Rainbow Smelt,Non-Native,1
ASH12106,Round Goby,Non-Native,1
ASH12108,White Perch,Non-Native,1
ASH12109,Emerald Shiner,Native,1
ASH12109,Rock Bass,Native,1
ASH12110,Rock Bass,Native,1
ASH12110,Yellow Perch,Native,1
ASH12112,Emerald Shiner,Native,1
ASH12112,Black Crappie,Native,1
ASH12112,Walleye,Native,1
ASH12112,Ruffe,Non-Native,1
ASH12113,Channel Catfish,Native,1
ASH12113,White Bass,Non-Native,1
ASH12113,Walleye,Native,1
ASH12113,Round Goby,Non-Native,1
ASH12114,Logperch,Native,1
ASH12114,Yellow Perch,Native,1
ASH12114,Walleye,Native,1
ASH12114,Ruffe,Non-Native,1
ASH12115,Rainbow Smelt,Non-Native,1
ASH12116,White Sucker,Native,1
ASH12116,Black Crappie,Native,1
ASH12117,Black Crappie,Native,1
ASH12117,Yellow Perch,Native,1
ASH12117,Walleye,Native,1
ASH12118,Channel Catfish,Native,1
ASH12118,Freshwater Drum,Non-Native,1
ASH12118,Common Carp,Non-Native,1
ASH12118,White Sucker,Native,1
ASH12119,Bluegill,Native,1
ASH12120,Common Carp,Non-Native,1
ASH12120,Silver Redhorse,Native,1
ASH12120,Rock Bass,Native,1
ASH12120,Pumpkinseed,Native,1
ASH12120,Largemouth Bass,Native,1
ASH12120,Black Crappie,Native,1
ASH12121,Trout-perch,Native,1
ASH12123,Silver Redhorse,Native,1
ASH12123,Black Crappie,Native,1
ASH12123,Walleye,Native,1
ASH12124,Walleye,Native,1
ASH12128,Silver Redhorse,Native,1
ASH12128,Johnny Darter,Native,1
ASH12129,Golden Shiner,Native,1
ASH12129,Pumpkinseed,Native,1
ASH12129,Largemouth Bass,Native,1
ASH12130,Bluegill,Native,1
ASH12131,Silver Redhorse,Native,1
ASH12131,Rock Bass,Native,1
ASH12131,Bluegill,Native,1
ASH12131,Ruffe,Non-Native,1
ASH12132,Johnny Darter,Native,1
ASH12132,Ruffe,Non-Native,1
ASH12133,Freshwater Drum,Non-Native,1
ASH12133,Silver Redhorse,Native,1
ASH12133,Bluegill,Native,1
ASH12133,Yellow Perch,Native,1
ASH12134,Rock Bass,Native,1
ASH12134,Pumpkinseed,Native,1
ASH12134,Bluegill,Native,1
ASH12134,Yellow Perch,Native,1
ASH12134,Walleye,Native,1
ASH12134,Ruffe,Non-Native,1
ASH12134,Round Goby,Non-Native,1
ASH12135,Channel Catfish,Native,1
ASH12135,Walleye,Native,1
ASH12136,Tadpole Madtom,Native,1
ASH12136,Yellow Perch,Native,1
ASH12136,Round Goby,Non-Native,1
ASH12137,Bluegill,Native,1
ASH12137,Black Crappie,Native,1
ASH12138,Rainbow Smelt,Non-Native,1
ASH12138,Emerald Shiner,Native,1
ASH12138,Spottail Shiner,Native,1
ASH12139,Freshwater Drum,Non-Native,1
ASH12139,Rock Bass,Native,1
ASH12139,Walleye,Native,1
ASH12139,Round Goby,Non-Native,1
ASH12140,Channel Catfish,Native,1
ASH12140,White Perch,Non-Native,1
ASH12141,Freshwater Drum,Non-Native,1
ASH12141,Spottail Shiner,Native,1
ASH12141,Johnny Darter,Native,1
ASH12141,Ruffe,Non-Native,1
ASH12142,Trout-perch,Native,1
ASH12142,Black Crappie,Native,1
ASH12142,Walleye,Native,1
ASH12143,Trout-perch,Native,1
ASH12143,White Perch,Non-Native,1
ASH12143,Emerald Shiner,Native,1
ASH12143,Yellow Perch,Native,1
ASH12145,White Perch,Non-Native,1
ASH12145,Spottail Shiner,Native,1
ASH12145,Bluegill,Native,1
ASH12146,Freshwater Drum,Non-Native,1
ASH12147,White Perch,Non-Native,1
ASH12148,Ruffe,Non-Native,1
ASH12149,White Perch,Non-Native,1
ASH12149,Freshwater Drum,Non-Native,1
ASH12150,Channel Catfish,Native,1
ASH12150,White Perch,Non-Native,1
ASH12150,Emerald Shiner,Native,1
ASH12150,Spottail Shiner,Native,1
ASH12150,Walleye,Native,1
ASH12151,White Perch,Non-Native,1
ASH12151,Emerald Shiner,Native,1
ASH12151,Bluegill,Native,1
ASH12151,Yellow Perch,Native,1
ASH12152,Silver Redhorse,Native,1
ASH12153,Rainbow Smelt,Non-Native,1
ASH12153,White Perch,Non-Native,1
ASH12154,Shorthead Redhorse,Native,1
ASH12154,Spottail Shiner,Native,1
ASH12155,Rainbow Smelt,Non-Native,1
ASH12155,Emerald Shiner,Native,1
ASH12155,Spottail Shiner,Native,1
ASH12155,Bluegill,Native,1
ASH12155,Logperch,Native,1
ASH12156,Round Goby,Non-Native,1
ASH12157,Black Crappie,Native,1
ASH12157,Yellow Perch,Native,1
ASH12158,Silver Redhorse,Native,1
ASH12158,Rock Bass,Native,1
ASH12158,Logperch,Native,1
ASH12158,Walleye,Native,1
ASH12159,Rainbow Smelt,Non-Native,1
ASH12159,Emerald Shiner,Native,1
ASH12161,Golden Shiner,Native,1
ASH12161,Spottail Shiner,Native,1
ASH12161,Logperch,Native,1
ASH12162,White Perch,Non-Native,1
ASH12162,Spottail Shiner,Native,1
ASH12162,Pumpkinseed,Native,1
ASH12162,Bluegill,Native,1
ASH12162,Black Crappie,Native,1
ASH12163,Tadpole Madtom,Native,1
ASH12163,White Perch,Non-Native,1
ASH12163,Bluegill,Native,1
ASH12163,Walleye,Native,1
ASH12164,Rainbow Smelt,Non-Native,1
ASH12164,White Perch,Non-Native,1
ASH12164,Silver Redhorse,Native,1
ASH12164,Emerald Shiner,Native,1
ASH12164,Spottail Shiner,Native,1
ASH12164,Rock Bass,Native,1
ASH12164,Ruffe,Non-Native,1
ASH12166,Freshwater Drum,Non-Native,1
ASH12166,Yellow Perch,Native,1
ASH12166,Round Goby,Non-Native,1
ASH12262,Black Crappie,Native,1
ASH12263,Muskellunge,Native,1
ASH12263,Golden Shiner,Native,1
ASH12263,Spottail Shiner,Native,1
ASH12558,Tadpole Madtom,Native,1
ASH12558,Trout-perch,Native,1
ASH12558,White Sucker,Native,1
ASH12558,Golden Shiner,Native,1
ASH12558,Fathead Minnow,Native,1
ASH12558,Black Crappie,Native,1
ASH12559,Rainbow Smelt,Non-Native,1
ASH12559,Northern Pike,Native,1
ASH12559,Tadpole Madtom,Native,1
ASH12559,Emerald Shiner,Native,1
ASH12559,Rock Bass,Native,1
ASH12559,Pumpkinseed,Native,1
ASH12559,Johnny Darter,Native,1
ASH12559,Yellow Perch,Native,1
ASH12560,Threespine Stickleback,Non-Native,1
ASH12560,Rock Bass,Native,1
ASH12561,Golden Shiner,Native,1
ASH12561,Mimic Shiner,Native,1
ASH12561,Johnny Darter,Native,1
ASH12561,Logperch,Native,1
ASH12561,Tubenose Goby,Non-Native,1
ASH12562,Emerald Shiner,Native,1
ASH12563,Mimic Shiner,Native,1
ASH12563,Rock Bass,Native,1
ASH12563,Smallmouth Bass,Native,1
ASH12563,Ruffe,Non-Native,1
ASH12564,Black Bullhead,Native,1
ASH12564,Common Carp,Non-Native,1
ASH12564,Shorthead Redhorse,Native,1
ASH12564,Black Crappie,Native,1
ASH12564,Johnny Darter,Native,1
ASH12564,Tubenose Goby,Non-Native,1
ASH12565,Emerald Shiner,Native,1
ASH12565,Rock Bass,Native,1
ASH12565,Smallmouth Bass,Native,1
ASH12565,Yellow Perch,Native,1
ASH12566,Rock Bass,Native,1
ASH12566,Pumpkinseed,Native,1
ASH12566,Bluegill,Native,1
ASH12566,Johnny Darter,Native,1
ASH12566,Yellow Perch,Native,1
ASH12567,Bluegill,Native,1
ASH12567,Yellow Perch,Native,1
ASH12567,Round Goby,Non-Native,1
ASH12568,Northern Pike,Native,1
ASH12568,Golden Shiner,Native,1
ASH12568,Walleye,Native,1
ASH12569,Trout-perch,Native,1
ASH12569,Golden Shiner,Native,1
ASH12569,Emerald Shiner,Native,1
ASH12569,Spottail Shiner,Native,1
ASH12569,Pumpkinseed,Native,1
ASH12569,Bluegill,Native,1
ASH12569,Johnny Darter,Native,1
ASH12569,Walleye,Native,1
ASH12569,Ruffe,Non-Native,1
ASH12570,Rock Bass,Native,1
ASH12570,Bluegill,Native,1
ASH12570,Smallmouth Bass,Native,1
ASH12570,Walleye,Native,1
ASH12571,Black Bullhead,Native,1
ASH12571,Black Crappie,Native,1
ASH12571,Yellow Perch,Native,1
ASH12572,Trout-perch,Native,1
ASH12572,Pumpkinseed,Native,1
ASH12573,Trout-perch,Native,1
ASH12573,Longnose Sucker,Native,1
ASH12573,Bluegill,Native,1
ASH12573,Johnny Darter,Native,1
ASH12573,Walleye,Native,1
ASH12573,Round Goby,Non-Native,1
ASH12574,Tadpole Madtom,Native,1
ASH12574,Bluegill,Native,1
ASH12574,Johnny Darter,Native,1
ASH12574,Yellow Perch,Native,1
ASH12575,Pumpkinseed,Native,1
ASH12575,Johnny Darter,Native,1
ASH12576,Black Crappie,Native,1
ASH12576,Johnny Darter,Native,1
ASH12577,Pumpkinseed,Native,1
ASH12577,Bluegill,Native,1
ASH12578,Trout-perch,Native,1
ASH12578,Silver Redhorse,Native,1
ASH12578,Shorthead Redhorse,Native,1
ASH12578,Emerald Shiner,Native,1
ASH12578,Yellow Perch,Native,1
ASH12579,Rainbow Smelt,Non-Native,1
ASH12582,Northern Pike,Native,1
ASH12582,Trout-perch,Native,1
ASH12582,Yellow Perch,Native,1
ASH12582,Walleye,Native,1
ASH12583,Northern Pike,Native,1
ASH12583,Spottail Shiner,Native,1
ASH12583,Smallmouth Bass,Native,1
ASH12584,Trout-perch,Native,1
ASH12584,Freshwater Drum,Non-Native,1
ASH12584,Common Carp,Non-Native,1
ASH12584,Silver Redhorse,Native,1
ASH12585,Freshwater Drum,Non-Native,1
ASH12585,Common Carp,Non-Native,1
ASH12585,Spottail Shiner,Native,1
ASH12585,Mimic Shiner,Native,1
ASH12585,Smallmouth Bass,Native,1
ASH12586,Rainbow Trout,Non-Native,1
ASH12586,Silver Redhorse,Native,1
ASH12586,Golden Shiner,Native,1
ASH12586,Emerald Shiner,Native,1
ASH12587,Silver Redhorse,Native,1
ASH12587,Smallmouth Bass,Native,1
ASH12588,Northern Pike,Native,1
ASH12588,Walleye,Native,1
ASH12589,Emerald Shiner,Native,1
ASH12590,Shorthead Redhorse,Native,1
ASH12591,Silver Redhorse,Native,1
ASH12592,Channel Catfish,Native,1
ASH12592,Freshwater Drum,Non-Native,1
ASH12592,Walleye,Native,1
ASH12593,Walleye,Native,1
ASH12594,Shorthead Redhorse,Native,1
ASH12594,Walleye,Native,1
ASH12594,Ruffe,Non-Native,1
ASH12595,Northern Pike,Native,1
ASH12595,Emerald Shiner,Native,1
ASH12597,Freshwater Drum,Non-Native,1
ASH12597,Emerald Shiner,Native,1
ASH12598,White Sucker,Native,1
ASH12598,Silver Redhorse,Native,1
ASH12598,Pumpkinseed,Native,1
ASH12598,Logperch,Native,1
ASH12599,Black Bullhead,Native,1
ASH12599,Tadpole Madtom,Native,1
ASH12599,White Sucker,Native,1
ASH12599,Johnny Darter,Native,1
ASH12599,Logperch,Native,1
ASH12599,Round Goby,Non-Native,1
ASH12600,Channel Catfish,Native,1
ASH12600,White Bass,Non-Native,1
ASH12600,Shorthead Redhorse,Native,1
ASH12601,Trout-perch,Native,1
ASH12601,Ruffe,Non-Native,1
ASH12602,Emerald Shiner,Native,1
ASH12602,Rock Bass,Native,1
ASH12602,Sunfishes,,1
ASH12602,Walleye,Native,1
ASH12602,Tubenose Goby,Non-Native,1
ASH12603,Tadpole Madtom,Native,1
ASH12603,Walleye,Native,1
ASH12603,Tubenose Goby,Non-Native,1
ASH12604,Channel Catfish,Native,1
ASH12604,Shorthead Redhorse,Native,1
ASH12604,Walleye,Native,1
ASH12605,Shorthead Redhorse,Native,1
ASH12605,Golden Shiner,Native,1
ASH12605,Rock Bass,Native,1
ASH12605,Smallmouth Bass,Native,1
ASH12605,Logperch,Native,1
ASH12605,Tubenose Goby,Non-Native,1
ASH12606,Spottail Shiner,Native,1
ASH12606,Bluegill,Native,1
ASH12606,Johnny Darter,Native,1
ASH12606,Tubenose Goby,Non-Native,1
ASH12607,Channel Catfish,Native,1
ASH12607,Common Carp,Non-Native,1
ASH12607,Rock Bass,Native,1
ASH12607,Smallmouth Bass,Native,1
ASH12607,Johnny Darter,Native,1
ASH12608,Tadpole Madtom,Native,1
ASH12608,Silver Redhorse,Native,1
ASH12608,Golden Shiner,Native,1
ASH12608,Largemouth Bass,Native,1
ASH12608,Walleye,Native,1
ASH12608,Round Goby,Non-Native,1
ASH12609,Silver Redhorse,Native,1
ASH12609,Emerald Shiner,Native,1
ASH12609,Largemouth Bass,Native,1
ASH12610,Bluegill,Native,1
ASH12610,Johnny Darter,Native,1
ASH12610,Walleye,Native,1
ASH12611,Golden Shiner,Native,1
ASH12611,Bluegill,Native,1
ASH12611,Smallmouth Bass,Native,1
ASH12611,Round Goby,Non-Native,1
ASH12612,Channel Catfish,Native,1
ASH12612,Silver Redhorse,Native,1
ASH12612,Shorthead Redhorse,Native,1
ASH12612,Golden Shiner,Native,1
ASH12612,Rock Bass,Native,1
ASH12613,Spottail Shiner,Native,1
ASH12613,Rock Bass,Native,1
ASH12613,Pumpkinseed,Native,1
ASH12613,Smallmouth Bass,Native,1
ASH12614,Channel Catfish,Native,1
ASH12614,Shorthead Redhorse,Native,1
ASH12614,Smallmouth Bass,Native,1
ASH12614,Tubenose Goby,Non-Native,1
ASH12615,Shorthead Redhorse,Native,1
ASH12615,Pumpkinseed,Native,1
ASH12616,Shorthead Redhorse,Native,1
ASH12616,Rock Bass,Native,1
ASH12616,Black Crappie,Native,1
ASH12616,Logperch,Native,1
ASH12618,Northern Pike,Native,1
ASH12618,Smallmouth Bass,Native,1
ASH12619,Freshwater Drum,Non-Native,1
ASH12620,Common Carp,Non-Native,1
ASH12620,White Sucker,Native,1
ASH12620,Spottail Shiner,Native,1
ASH12620,Smallmouth Bass,Native,1
ASH12621,Rock Bass,Native,1
ASH12621,Largemouth Bass,Native,1
ASH12622,Northern Pike,Native,1
ASH12622,Shorthead Redhorse,Native,1
ASH12622,Black Crappie,Native,1
ASH12623,Freshwater Drum,Non-Native,1
ASH12623,Rock Bass,Native,1
ASH12623,Smallmouth Bass,Native,1
ASH12624,Freshwater Drum,Non-Native,1
ASH12624,Shorthead Redhorse,Native,1
ASH12624,Smallmouth Bass,Native,1
ASH12624,Logperch,Native,1
ASH12625,Emerald Shiner,Native,1
ASH12626,Northern Pike,Native,1
ASH12626,Freshwater Drum,Non-Native,1
ASH12626,Silver Redhorse,Native,1
ASH12626,Shorthead Redhorse,Native,1
ASH12626,Golden Shiner,Native,1
ASH12627,Silver Redhorse,Native,1
ASH12627,Emerald Shiner,Native,1
ASH12627,Spottail Shiner,Native,1
ASH12629,White Perch,Non-Native,1
ASH12629,Brook Silverside,Non-Native,1
ASH12629,Common Carp,Non-Native,1
ASH12629,Golden Shiner,Native,1
ASH12629,Walleye,Native,1
ASH12630,Smallmouth Bass,Native,1
ASH12630,Sunfishes,,1
ASH12630,Logperch,Native,1
ASH12631,Northern Pike,Native,1
ASH12631,Shorthead Redhorse,Native,1
ASH12632,Walleye,Native,1
ASH12633,Shorthead Redhorse,Native,1
ASH12634,Silver Redhorse,Native,1
ASH12634,Yellow Perch,Native,1
ASH12635,Silver Redhorse,Native,1
ASH12636,Brown Bullhead,Native,1
ASH12636,Rock Bass,Native,1
ASH12636,Logperch,Native,1
ASH12636,Yellow Perch,Native,1
ASH12637,Yellow Bullhead,Native,1
ASH12637,Trout-perch,Native,1
ASH12637,Yellow Perch,Native,1
ASH12638,Black Bullhead,Native,1
ASH12638,Brown Bullhead,Native,1
ASH12638,Silver Redhorse,Native,1
ASH12638,Sunfishes,,1
ASH12638,Tubenose Goby,Non-Native,1
ASH12639,Black Crappie,Native,1
ASH12639,Sunfishes,,1
ASH12640,Rock Bass,Native,1
ASH12640,Pumpkinseed,Native,1
ASH12641,Spottail Shiner,Native,1
ASH12641,Yellow Perch,Native,1
ASH12642,Trout-perch,Native,1
ASH12642,Golden Shiner,Native,1
ASH12642,Emerald Shiner,Native,1
ASH12643,Northern Pike,Native,1
ASH12643,Tadpole Madtom,Native,1
ASH12643,Trout-perch,Native,1
ASH12643,White Sucker,Native,1
ASH12643,Golden Shiner,Native,1
ASH12643,Largemouth Bass,Native,1
ASH12643,Round Goby,Non-Native,1
ASH12643,Tubenose Goby,Non-Native,1
ASH12644,Northern Pike,Native,1
ASH12644,Tadpole Madtom,Native,1
ASH12644,Emerald Shiner,Native,1
ASH12644,Spottail Shiner,Native,1
ASH12644,Rock Bass,Native,1
ASH12645,Central Mudminnow,Native,1
ASH12645,Northern Pike,Native,1
ASH12645,Brown Bullhead,Native,1
ASH12645,Tadpole Madtom,Native,1
ASH12645,Spottail Shiner,Native,1
ASH12645,Hornyhead Chub,Native,1
ASH12645,Rock Bass,Native,1
ASH12646,White Perch,Non-Native,1
ASH12646,Golden Shiner,Native,1
ASH12646,Smallmouth Bass,Native,1
ASH12646,Yellow Perch,Native,1
ASH12647,Pumpkinseed,Native,1
ASH12647,Black Crappie,Native,1
ASH12647,Johnny Darter,Native,1
ASH12647,Tubenose Goby,Non-Native,1
ASH12648,Brown Bullhead,Native,1
ASH12648,Brook Stickleback,Native,1
ASH12648,Shorthead Redhorse,Native,1
ASH12648,Golden Shiner,Native,1
ASH12648,Mimic Shiner,Native,1
ASH12648,Fathead Minnow,Native,1
ASH12648,Rock Bass,Native,1
ASH12648,Bluegill,Native,1
ASH12648,Ruffe,Non-Native,1
ASH12649,Black Bullhead,Native,1
ASH12649,Burbot,Native,1
ASH12649,White Sucker,Native,1
ASH12649,Shorthead Redhorse,Native,1
ASH12649,Largemouth Bass,Native,1
ASH12649,Black Crappie,Native,1
ASH12649,Yellow Perch,Native,1
ASH12650,Trout-perch,Native,1
ASH12650,White Sucker,Native,1
ASH12651,Black Bullhead,Native,1
ASH12651,Silver Redhorse,Native,1
ASH12651,Shorthead Redhorse,Native,1
ASH12651,Rock Bass,Native,1
ASH12651,Logperch,Native,1
ASH12652,White Sucker,Native,1
ASH12652,Silver Redhorse,Native,1
ASH12653,Northern Pike,Native,1
ASH12653,Black Bullhead,Native,1
ASH12654,Northern Pike,Native,1
ASH12654,Freshwater Drum,Non-Native,1
ASH12654,Golden Shiner,Native,1
ASH12654,Emerald Shiner,Native,1
ASH12654,Mimic Shiner,Native,1
ASH12654,Fathead Minnow,Native,1
ASH12654,Pumpkinseed,Native,1
ASH12654,Ruffe,Non-Native,1
ASH12654,Tubenose Goby,Non-Native,1
ASH12655,Rainbow Smelt,Non-Native,1
ASH12655,Central Mudminnow,Native,1
ASH12655,Silver Redhorse,Native,1
ASH12655,Rock Bass,Native,1
ASH12655,Johnny Darter,Native,1
ASH12656,Northern Pike,Native,1
ASH12656,Freshwater Drum,Non-Native,1
ASH12656,Yellow Perch,Native,1
ASH12657,Trout-perch,Native,1
ASH12657,White Sucker,Native,1
ASH12657,Shorthead Redhorse,Native,1
ASH12658,Alewife,Non-Native,1
ASH12659,Common Carp,Non-Native,1
ASH12659,White Sucker,Native,1
ASH12659,Rock Bass,Native,1
ASH12660,Rainbow Smelt,Non-Native,1
ASH12660,Emerald Shiner,Native,1
ASH12661,Rainbow Smelt,Non-Native,1
ASH12661,Yellow Perch,Native,1
ASH12662,Northern Pike,Native,1
ASH12662,Brook Silverside,Non-Native,1
ASH12662,Shorthead Redhorse,Native,1
ASH12662,Emerald Shiner,Native,1
ASH12663,White Perch,Non-Native,1
ASH12663,Lake Trout,Native,1
ASH12665,Northern Pike,Native,1
ASH12665,Pumpkinseed,Native,1
ASH12665,Tubenose Goby,Non-Native,1
ASH12666,Trout-perch,Native,1
ASH12666,Yellow Perch,Native,1
ASH12667,Brook Silverside,Non-Native,1
ASH12667,Rock Bass,Native,1
ASH12667,Pumpkinseed,Native,1
ASH12668,Silver Redhorse,Native,1
ASH12668,Pumpkinseed,Native,1
ASH12668,Smallmouth Bass,Native,1
ASH12669,Muskellunge,Native,1
ASH12669,Common Carp,Non-Native,1
ASH12669,Emerald Shiner,Native,1
ASH12669,Black Crappie,Native,1
ASH12670,Northern Pike,Native,1
ASH12670,Common Carp,Non-Native,1
ASH12670,White Sucker,Native,1
ASH12670,Golden Shiner,Native,1
ASH12670,Walleye,Native,1
ASH12671,Shorthead Redhorse,Native,1
ASH12671,Golden Shiner,Native,1
ASH12671,Pumpkinseed,Native,1
ASH12671,Smallmouth Bass,Native,1
ASH12672,Shorthead Redhorse,Native,1
ASH12672,Golden Shiner,Native,1
ASH12672,Johnny Darter,Native,1
ASH12673,Trout-perch,Native,1
ASH12673,White Perch,Non-Native,1
ASH12673,Brook Silverside,Non-Native,1
ASH12673,Golden Shiner,Native,1
ASH12673,Walleye,Native,1
ASH12674,Northern Pike,Native,1
ASH12674,Largemouth Bass,Native,1
ASH12675,Brook Silverside,Non-Native,1
ASH12675,Rock Bass,Native,1
ASH12675,Largemouth Bass,Native,1
ASH12675,Logperch,Native,1
ASH12882,Rainbow Smelt,Non-Native,1
ASH12882,Emerald Shiner,Native,1
ASH12882,Ruffe,Non-Native,1
ASH12883,Freshwater Drum,Non-Native,1
ASH12883,Emerald Shiner,Native,1
ASH12883,Johnny Darter,Native,1
ASH12883,Yellow Perch,Native,1
ASH12884,Carps and Minnows,,1
ASH12885,Rainbow Smelt,Non-Native,1
ASH12885,Johnny Darter,Native,1
ASH12885,Round Goby,Non-Native,1
ASH12886,Yellow Perch,Native,1
ASH12886,Sculpins,,1
ASH12888,Channel Catfish,Native,1
ASH12888,Silver Redhorse,Native,1
ASH12888,Emerald Shiner,Native,1
ASH12889,Spottail Shiner,Native,1
ASH12889,Logperch,Native,1
ASH12890,Channel Catfish,Native,1
ASH12890,Spottail Shiner,Native,1
ASH12890,Walleye,Native,1
ASH12890,Round Goby,Non-Native,1
ASH12891,Emerald Shiner,Native,1
ASH12892,Rainbow Smelt,Non-Native,1
ASH12892,Emerald Shiner,Native,1
ASH12892,Spottail Shiner,Native,1
ASH12892,Walleye,Native,1
ASH12892,Ruffe,Non-Native,1
ASH12893,Rainbow Smelt,Non-Native,1
ASH12893,Spottail Shiner,Native,1
ASH12894,Yellow Perch,Native,1
ASH12895,White Sucker,Native,1
ASH12895,Johnny Darter,Native,1
ASH12895,Round Goby,Non-Native,1
ASH12896,Tadpole Madtom,Native,1
ASH12896,Ruffe,Non-Native,1
ASH12899,Rainbow Smelt,Non-Native,1
ASH12899,Carps and Minnows,,1
ASH12899,Johnny Darter,Native,1
ASH12900,White Bass,Non-Native,1
ASH12901,White Sucker,Native,1
ASH12901,Spottail Shiner,Native,1
ASH12901,Rock Bass,Native,1
ASH12901,Johnny Darter,Native,1
ASH12902,Tadpole Madtom,Native,1
ASH12903,Tadpole Madtom,Native,1
ASH12904,Ruffe,Non-Native,1
ASH12906,White Perch,Non-Native,1
ASH12906,Black Crappie,Native,1
ASH12907,Silver Redhorse,Native,1
ASH12907,Spottail Shiner,Native,1
ASH12908,Round Goby,Non-Native,1
ASH12909,Northern Pike,Native,1
ASH12909,Common Carp,Non-Native,1
ASH12910,Ruffe,Non-Native,1
ASH12911,Yellow Perch,Native,1
ASH12911,Walleye,Native,1
ASH12912,Trout-perch,Native,1
ASH12912,Black Crappie,Native,1
ASH12917,Channel Catfish,Native,1
ASH12917,Trout-perch,Native,1
ASH12917,Freshwater Drum,Non-Native,1
ASH12917,Ruffe,Non-Native,1
ASH12919,Black Crappie,Native,1
ASH12919,Walleye,Native,1
ASH12919,Ruffe,Non-Native,1
ASH12920,Black Crappie,Native,1
ASH12921,Lake Sturgeon,Native,1
ASH12921,Spottail Shiner,Native,1
ASH12922,Black Crappie,Native,1
ASH12922,Walleye,Native,1
ASH12923,Ruffe,Non-Native,1
ASH12924,Yellow Perch,Native,1
ASH12925,Rainbow Smelt,Non-Native,1
ASH12927,Ruffe,Non-Native,1
ASH12930,Channel Catfish,Native,1
ASH12930,Black Crappie,Native,1
ASH12931,Freshwater Drum,Non-Native,1
ASH12931,Golden Shiner,Native,1
ASH12931,Johnny Darter,Native,1
ASH12933,White Perch,Non-Native,1
ASH12933,Round Goby,Non-Native,1
ASH12934,Emerald Shiner,Native,1
ASH12934,Round Goby,Non-Native,1
ASH12935,White Sucker,Native,1
ASH12935,Spottail Shiner,Native,1
ASH12935,Largemouth Bass,Native,1
ASH12936,Channel Catfish,Native,1
ASH12936,Tadpole Madtom,Native,1
ASH12936,Walleye,Native,1
ASH12937,Trout-perch,Native,1
ASH12938,White Sucker,Native,1
ASH12938,Round Goby,Non-Native,1
ASH12939,Channel Catfish,Native,1
ASH12939,Bluegill,Native,1
ASH12939,Ruffe,Non-Native,1
ASH12939,Round Goby,Non-Native,1
ASH12940,Tadpole Madtom,Native,1
ASH12940,White Sucker,Native,1
ASH12940,Walleye,Native,1
ASH12940,Round Goby,Non-Native,1
ASH12941,Trout-perch,Native,1
ASH12941,White Sucker,Native,1
ASH12941,Logperch,Native,1
ASH12943,Rainbow Smelt,Non-Native,1
ASH12943,Spottail Shiner,Native,1
ASH12943,Walleye,Native,1
ASH12944,Tadpole Madtom,Native,1
ASH12945,Trout-perch,Native,1
ASH12945,Black Crappie,Native,1
ASH12945,Round Goby,Non-Native,1
ASH12946,Channel Catfish,Native,1
ASH12946,Emerald Shiner,Native,1
ASH12947,Black Bullhead,Native,1
ASH12947,Pumpkinseed,Native,1
ASH12947,Round Goby,Non-Native,1
ASH12948,Trout-perch,Native,1
ASH12948,Freshwater Drum,Non-Native,1
ASH12948,Yellow Perch,Native,1
ASH12948,Round Goby,Non-Native,1
ASH12949,Northern Pike,Native,1
ASH12949,Golden Shiner,Native,1
ASH12951,Golden Shiner,Native,1
ASH12951,Yellow Perch,Native,1
ASH12951,Round Goby,Non-Native,1
ASH12952,Trout-perch,Native,1
ASH12952,Black Crappie,Native,1
ASH12952,Yellow Perch,Native,1
ASH12953,Bluegill,Native,1
ASH12953,Black Crappie,Native,1
ASH12954,White Perch,Non-Native,1
ASH12955,Trout-perch,Native,1
ASH12955,White Perch,Non-Native,1
ASH12955,Round Goby,Non-Native,1
ASH12956,Walleye,Native,1
ASH12957,Emerald Shiner,Native,1
ASH12960,Ruffe,Non-Native,1
ASH12960,Round Goby,Non-Native,1
ASH12962,Burbot,Native,1
ASH12962,Freshwater Drum,Non-Native,1
ASH12962,Pumpkinseed,Native,1
ASH12962,Johnny Darter,Native,1
ASH12963,White Sucker,Native,1
ASH12963,Emerald Shiner,Native,1
ASH12963,Bluegill,Native,1
ASH12963,Logperch,Native,1
ASH12964,Black Crappie,Native,1
ASH12964,Johnny Darter,Native,1
ASH12964,Yellow Perch,Native,1
ASH12964,Ruffe,Non-Native,1
ASH12964,Spoonhead Sculpin,Native,1
ASH12964,Round Goby,Non-Native,1
ASH12965,Rainbow Smelt,Non-Native,1
ASH12965,Central Mudminnow,Native,1
ASH12965,White Perch,Non-Native,1
ASH12965,White Sucker,Native,1
ASH12965,Rock Bass,Native,1
ASH12965,Black Crappie,Native,1
ASH12965,Logperch,Native,1
ASH12965,Yellow Perch,Native,1
ASH12965,Spoonhead Sculpin,Native,1
ASH12965,Round Goby,Non-Native,1
ASH12966,White Sucker,Native,1
ASH12966,Logperch,Native,1
ASH12966,Yellow Perch,Native,1
ASH12967,Yellow Perch,Native,1
ASH12968,Rock Bass,Native,1
ASH12968,Ruffe,Non-Native,1
ASH12969,Johnny Darter,Native,1
ASH12970,Rainbow Smelt,Non-Native,1
ASH12970,Channel Catfish,Native,1
ASH12971,Rainbow Smelt,Non-Native,1
ASH12971,Freshwater Drum,Non-Native,1
ASH12971,White Sucker,Native,1
ASH12971,Spottail Shiner,Native,1
ASH12971,Walleye,Native,1
ASH12971,Ruffe,Non-Native,1
ASH12972,White Perch,Non-Native,1
ASH12973,Logperch,Native,1
ASH12975,Bluegill,Native,1
ASH12975,Black Crappie,Native,1
ASH12976,Rainbow Smelt,Non-Native,1
ASH12976,Trout-perch,Native,1
ASH12976,Common Carp,Non-Native,1
ASH12976,Yellow Perch,Native,1
ASH12977,Johnny Darter,Native,1
ASH12978,Round Goby,Non-Native,1
ASH12979,Trout-perch,Native,1
ASH12980,Tadpole Madtom,Native,1
ASH12980,Black Crappie,Native,1
ASH12980,Yellow Perch,Native,1
ASH12981,Rainbow Smelt,Non-Native,1
ASH12981,Channel Catfish,Native,1
ASH12981,Silver Redhorse,Native,1
ASH12982,Tadpole Madtom,Native,1
ASH12982,Emerald Shiner,Native,1
ASH12982,Spottail Shiner,Native,1
ASH12982,Yellow Perch,Native,1
ASH12982,Spoonhead Sculpin,Native,1
ASH12983,Tadpole Madtom,Native,1
ASH12983,Emerald Shiner,Native,1
ASH12983,Bluegill,Native,1
ASH12983,Logperch,Native,1
ASH12985,Round Goby,Non-Native,1
ASH12986,Rock Bass,Native,1
ASH12986,Logperch,Native,1
ASH12986,Round Goby,Non-Native,1
ASH12987,White Sucker,Native,1
ASH12987,Emerald Shiner,Native,1
ASH12987,Yellow Perch,Native,1
ASH12987,Round Goby,Non-Native,1
ASH12989,Pumpkinseed,Native,1
ASH12990,Golden Shiner,Native,1
ASH12990,Johnny Darter,Native,1
ASH12991,White Perch,Non-Native,1
ASH12991,Pumpkinseed,Native,1
ASH12991,Yellow Perch,Native,1
ASH12992,Johnny Darter,Native,1
ASH12992,Ruffe,Non-Native,1
ASH12993,Rock Bass,Native,1
ASH12993,Bluegill,Native,1
ASH12993,Yellow Perch,Native,1
ASH12993,Round Goby,Non-Native,1
ASH12994,Channel Catfish,Native,1
ASH12994,Round Goby,Non-Native,1
ASH12996,Smallmouth Bass,Native,1
ASH12997,Black Crappie,Native,1
ASH12997,Johnny Darter,Native,1
ASH12997,Tubenose Goby,Non-Native,1
ASH12998,Tadpole Madtom,Native,1
ASH12999,Rock Bass,Native,1
ASH12999,Walleye,Native,1
ASH12999,Ruffe,Non-Native,1
ASH13000,Northern Pike,Native,1
ASH13000,Muskellunge,Native,1
ASH13000,Walleye,Native,1
ASH13001,Channel Catfish,Native,1
ASH13002,White Perch,Non-Native,1
ASH13003,White Sucker,Native,1
ASH13003,Black Crappie,Native,1
ASH13003,Yellow Perch,Native,1
ASH13030,White Sucker,Native,1
ASH13031,Tadpole Madtom,Native,1
ASH13031,Round Goby,Non-Native,1
ASH11684,Silver Redhorse,Native,2
ASH11684,Yellow Perch,Native,2
ASH11685,Northern Pike,Native,2
ASH11685,Spottail Shiner,Native,2
ASH11685,Black Crappie,Native,2
ASH11686,Trout-perch,Native,2
ASH11689,Emerald Shiner,Native,2
ASH11689,Walleye,Native,2
ASH11692,Emerald Shiner,Native,2
ASH11698,Shorthead Redhorse,Native,2
ASH11700,Trout-perch,Native,2
ASH11703,Northern Pike,Native,2
ASH11703,Silver Redhorse,Native,2
ASH11703,Yellow Perch,Native,2
ASH11704,Spottail Shiner,Native,2
ASH11704,Smallmouth Bass,Native,2
ASH11705,Bluegill,Native,2
ASH11706,Trout-perch,Native,2
ASH11706,Smallmouth Bass,Native,2
ASH11706,Johnny Darter,Native,2
ASH11707,Rock Bass,Native,2
ASH11707,Pumpkinseed,Native,2
ASH11708,Pumpkinseed,Native,2
ASH11709,Black Crappie,Native,2
ASH11710,Black Crappie,Native,2
ASH11711,Walleye,Native,2
ASH11713,Brown Bullhead,Native,2
ASH11713,Emerald Shiner,Native,2
ASH11714,Emerald Shiner,Native,2
ASH11715,Trout-perch,Native,2
ASH11715,Shorthead Redhorse,Native,2
ASH11716,Round Goby,Non-Native,2
ASH11716,Tubenose Goby,Non-Native,2
ASH11717,Black Bullhead,Native,2
ASH11717,Emerald Shiner,Native,2
ASH11720,Trout-perch,Native,2
ASH11723,Ruffe,Non-Native,2
ASH11959,Trout-perch,Native,2
ASH11959,Black Crappie,Native,2
ASH11959,Yellow Perch,Native,2
ASH11960,Tadpole Madtom,Native,2
ASH11960,Smallmouth Bass,Native,2
ASH11961,Walleye,Native,2
ASH11962,Pumpkinseed,Native,2
ASH11962,Tubenose Goby,Non-Native,2
ASH11963,Brown Bullhead,Native,2
ASH11963,Smallmouth Bass,Native,2
ASH11964,Walleye,Native,2
ASH11965,Pumpkinseed,Native,2
ASH11965,Walleye,Native,2
ASH11966,Shorthead Redhorse,Native,2
ASH11967,Channel Catfish,Native,2
ASH11967,Yellow Perch,Native,2
ASH11968,Tadpole Madtom,Native,2
ASH11970,Northern Pike,Native,2
ASH11970,Rock Bass,Native,2
ASH11971,Rock Bass,Native,2
ASH11972,Shorthead Redhorse,Native,2
ASH11972,Round Goby,Non-Native,2
ASH11972,Tubenose Goby,Non-Native,2
ASH11973,White Perch,Non-Native,2
ASH11973,Shorthead Redhorse,Native,2
ASH11973,Rock Bass,Native,2
ASH11973,Black Crappie,Native,2
ASH11973,Round Goby,Non-Native,2
ASH11974,Spottail Shiner,Native,2
ASH11974,Smallmouth Bass,Native,2
ASH11974,Black Crappie,Native,2
ASH11974,Round Goby,Non-Native,2
ASH11974,Tubenose Goby,Non-Native,2
ASH11975,Smallmouth Bass,Native,2
ASH11975,Black Crappie,Native,2
ASH11976,Rock Bass,Native,2
ASH11977,Smallmouth Bass,Native,2
ASH11978,Smallmouth Bass,Native,2
ASH11978,Black Crappie,Native,2
ASH11979,Freshwater Drum,Non-Native,2
ASH11979,Yellow Perch,Native,2
ASH11980,Yellow Perch,Native,2
ASH11982,Silver Redhorse,Native,2
ASH11984,Yellow Perch,Native,2
ASH11985,Yellow Perch,Native,2
ASH11986,Spottail Shiner,Native,2
ASH11988,White Perch,Non-Native,2
ASH11988,Sunfishes,,2
ASH11989,Yellow Perch,Native,2
ASH11992,Silver Redhorse,Native,2
ASH11992,Bluegill,Native,2
ASH11992,Sunfishes,,2
ASH11992,Walleye,Native,2
ASH11993,Shorthead Redhorse,Native,2
ASH11999,Ruffe,Non-Native,2
ASH12000,Rock Bass,Native,2
ASH12001,Bluegill,Native,2
ASH12004,Tadpole Madtom,Native,2
ASH12004,Black Crappie,Native,2
ASH12004,Tubenose Goby,Non-Native,2
ASH12005,Golden Shiner,Native,2
ASH12005,Yellow Perch,Native,2
ASH12007,Yellow Perch,Native,2
ASH12009,Trout-perch,Native,2
ASH12009,Rock Bass,Native,2
ASH12009,Black Crappie,Native,2
ASH12011,Brown Bullhead,Native,2
ASH12011,Tadpole Madtom,Native,2
ASH12011,Trout-perch,Native,2
ASH12011,Pumpkinseed,Native,2
ASH12012,Golden Shiner,Native,2
ASH12012,Black Crappie,Native,2
ASH12014,Tubenose Goby,Non-Native,2
ASH12016,Emerald Shiner,Native,2
ASH12016,Largemouth Bass,Native,2
ASH12016,Walleye,Native,2
ASH12017,Northern Pike,Native,2
ASH12018,Emerald Shiner,Native,2
ASH12018,Yellow Perch,Native,2
ASH12019,Trout-perch,Native,2
ASH12019,Emerald Shiner,Native,2
ASH12020,Spottail Shiner,Native,2
ASH12020,Rock Bass,Native,2
ASH12020,Tubenose Goby,Non-Native,2
ASH12021,Rock Bass,Native,2
ASH12023,Pumpkinseed,Native,2
ASH12024,Spottail Shiner,Native,2
ASH12024,Tubenose Goby,Non-Native,2
ASH12028,Golden Shiner,Native,2
ASH12029,Pumpkinseed,Native,2
ASH12029,Bluegill,Native,2
ASH12032,Brook Silverside,Non-Native,2
ASH12033,Yellow Perch,Native,2
ASH12040,Rainbow Smelt,Non-Native,2
ASH12041,Rainbow Smelt,Non-Native,2
ASH12042,Yellow Perch,Native,2
ASH12043,Northern Pike,Native,2
ASH12044,Rock Bass,Native,2
ASH12044,Yellow Perch,Native,2
ASH12046,Yellow Perch,Native,2
ASH12046,Ruffe,Non-Native,2
ASH12047,Black Crappie,Native,2
ASH12049,Black Crappie,Native,2
ASH12050,Yellow Perch,Native,2
ASH12051,Yellow Perch,Native,2
ASH12057,Ruffe,Non-Native,2
ASH12058,Ruffe,Non-Native,2
ASH12061,Golden Shiner,Native,2
ASH12061,Black Crappie,Native,2
ASH12063,Ruffe,Non-Native,2
ASH12064,Rainbow Smelt,Non-Native,2
ASH12065,Rainbow Smelt,Non-Native,2
ASH12068,Rainbow Smelt,Non-Native,2
ASH12069,Round Goby,Non-Native,2
ASH12072,Trout-perch,Native,2
ASH12073,Yellow Perch,Native,2
ASH12075,Rainbow Smelt,Non-Native,2
ASH12075,White Sucker,Native,2
ASH12075,Round Goby,Non-Native,2
ASH12076,Channel Catfish,Native,2
ASH12076,Emerald Shiner,Native,2
ASH12077,Trout-perch,Native,2
ASH12079,Emerald Shiner,Native,2
ASH12079,Yellow Perch,Native,2
ASH12079,Ruffe,Non-Native,2
ASH12079,Round Goby,Non-Native,2
ASH12087,Emerald Shiner,Native,2
ASH12087,Yellow Perch,Native,2
ASH12087,Walleye,Native,2
ASH12088,Freshwater Drum,Non-Native,2
ASH12092,Ruffe,Non-Native,2
ASH12095,Ruffe,Non-Native,2
ASH12095,Round Goby,Non-Native,2
ASH12100,Emerald Shiner,Native,2
ASH12100,Ruffe,Non-Native,2
ASH12100,Round Goby,Non-Native,2
ASH12102,Emerald Shiner,Native,2
ASH12102,Round Goby,Non-Native,2
ASH12103,Walleye,Native,2
ASH12109,Rainbow Smelt,Non-Native,2
ASH12110,Rainbow Smelt,Non-Native,2
ASH12115,Yellow Perch,Native,2
ASH12118,Black Crappie,Native,2
ASH12119,Black Crappie,Native,2
ASH12119,Ruffe,Non-Native,2
ASH12122,Trout-perch,Native,2
ASH12122,Logperch,Native,2
ASH12123,Spottail Shiner,Native,2
ASH12124,Spottail Shiner,Native,2
ASH12124,Black Crappie,Native,2
ASH12124,Ruffe,Non-Native,2
ASH12125,Walleye,Native,2
ASH12128,Black Crappie,Native,2
ASH12129,Bluegill,Native,2
ASH12132,Yellow Perch,Native,2
ASH12132,Round Goby,Non-Native,2
ASH12133,Channel Catfish,Native,2
ASH12133,Ruffe,Non-Native,2
ASH12135,Yellow Perch,Native,2
ASH12139,Ruffe,Non-Native,2
ASH12140,Spottail Shiner,Native,2
ASH12140,Round Goby,Non-Native,2
ASH12144,Emerald Shiner,Native,2
ASH12147,Emerald Shiner,Native,2
ASH12148,Trout-perch,Native,2
ASH12149,Bluegill,Native,2
ASH12149,Johnny Darter,Native,2
ASH12149,Walleye,Native,2
ASH12152,Johnny Darter,Native,2
ASH12152,Walleye,Native,2
ASH12153,Freshwater Drum,Non-Native,2
ASH12153,Ruffe,Non-Native,2
ASH12154,Johnny Darter,Native,2
ASH12155,White Perch,Non-Native,2
ASH12156,Channel Catfish,Native,2
ASH12157,Spottail Shiner,Native,2
ASH12158,White Perch,Non-Native,2
ASH12158,Bluegill,Native,2
ASH12159,Channel Catfish,Native,2
ASH12160,White Perch,Non-Native,2
ASH12161,Tadpole Madtom,Native,2
ASH12161,Emerald Shiner,Native,2
ASH12163,Rainbow Smelt,Non-Native,2
ASH12163,Black Crappie,Native,2
ASH12164,Tadpole Madtom,Native,2
ASH12164,Bluegill,Native,2
ASH12165,Logperch,Native,2
ASH12166,Channel Catfish,Native,2
ASH12166,Shorthead Redhorse,Native,2
ASH12166,Walleye,Native,2
ASH12263,Yellow Perch,Native,2
ASH12558,Northern Pike,Native,2
ASH12559,White Sucker,Native,2
ASH12560,Rainbow Smelt,Non-Native,2
ASH12560,Shorthead Redhorse,Native,2
ASH12561,Shorthead Redhorse,Native,2
ASH12563,Johnny Darter,Native,2
ASH12563,Yellow Perch,Native,2
ASH12564,Rock Bass,Native,2
ASH12564,Ruffe,Non-Native,2
ASH12565,Trout-perch,Native,2
ASH12565,Ruffe,Non-Native,2
ASH12567,Pumpkinseed,Native,2
ASH12568,Tadpole Madtom,Native,2
ASH12568,Trout-perch,Native,2
ASH12568,Yellow Perch,Native,2
ASH12569,Round Goby,Non-Native,2
ASH12570,Golden Shiner,Native,2
ASH12570,Sunfishes,,2
ASH12570,Yellow Perch,Native,2
ASH12571,Bluegill,Native,2
ASH12572,Bluegill,Native,2
ASH12573,Pumpkinseed,Native,2
ASH12574,Pumpkinseed,Native,2
ASH12574,Black Crappie,Native,2
ASH12576,Rock Bass,Native,2
ASH12576,Bluegill,Native,2
ASH12576,Yellow Perch,Native,2
ASH12579,Spottail Shiner,Native,2
ASH12582,Golden Shiner,Native,2
ASH12584,Emerald Shiner,Native,2
ASH12585,Silver Redhorse,Native,2
ASH12585,Golden Shiner,Native,2
ASH12585,Walleye,Native,2
ASH12586,White Perch,Non-Native,2
ASH12588,Silver Redhorse,Native,2
ASH12589,Trout-perch,Native,2
ASH12590,Yellow Perch,Native,2
ASH12592,Trout-perch,Native,2
ASH12592,Emerald Shiner,Native,2
ASH12592,Ruffe,Non-Native,2
ASH12593,Yellow Perch,Native,2
ASH12594,Trout-perch,Native,2
ASH12598,Shorthead Redhorse,Native,2
ASH12598,Golden Shiner,Native,2
ASH12598,Emerald Shiner,Native,2
ASH12598,Johnny Darter,Native,2
ASH12599,Rock Bass,Native,2
ASH12600,Spottail Shiner,Native,2
ASH12600,Smallmouth Bass,Native,2
ASH12600,Johnny Darter,Native,2
ASH12600,Walleye,Native,2
ASH12601,Spottail Shiner,Native,2
ASH12601,Smallmouth Bass,Native,2
ASH12601,Sunfishes,,2
ASH12601,Logperch,Native,2
ASH12602,White Bass,Non-Native,2
ASH12602,Johnny Darter,Native,2
ASH12603,Rock Bass,Native,2
ASH12603,Round Goby,Non-Native,2
ASH12605,Pumpkinseed,Native,2
ASH12605,Bluegill,Native,2
ASH12606,White Bass,Non-Native,2
ASH12606,Pumpkinseed,Native,2
ASH12607,Silver Redhorse,Native,2
ASH12607,Ruffe,Non-Native,2
ASH12607,Round Goby,Non-Native,2
ASH12607,Tubenose Goby,Non-Native,2
ASH12608,Rock Bass,Native,2
ASH12608,Pumpkinseed,Native,2
ASH12609,Pumpkinseed,Native,2
ASH12610,Rock Bass,Native,2
ASH12610,Pumpkinseed,Native,2
ASH12611,White Perch,Non-Native,2
ASH12611,Spottail Shiner,Native,2
ASH12612,Johnny Darter,Native,2
ASH12612,Yellow Perch,Native,2
ASH12612,Walleye,Native,2
ASH12612,Round Goby,Non-Native,2
ASH12613,Yellow Perch,Native,2
ASH12614,Logperch,Native,2
ASH12614,Yellow Perch,Native,2
ASH12615,Yellow Perch,Native,2
ASH12617,Black Crappie,Native,2
ASH12617,Sunfishes,,2
ASH12618,Black Crappie,Native,2
ASH12619,Common Carp,Non-Native,2
ASH12620,Sunfishes,,2
ASH12622,Common Carp,Non-Native,2
ASH12622,Silver Redhorse,Native,2
ASH12622,Largemouth Bass,Native,2
ASH12623,White Perch,Non-Native,2
ASH12623,Sunfishes,,2
ASH12624,White Perch,Non-Native,2
ASH12626,Yellow Perch,Native,2
ASH12628,Yellow Perch,Native,2
ASH12629,Emerald Shiner,Native,2
ASH12629,Black Crappie,Native,2
ASH12629,Yellow Perch,Native,2
ASH12630,Shorthead Redhorse,Native,2
ASH12631,White Bass,Non-Native,2
ASH12631,Logperch,Native,2
ASH12631,Yellow Perch,Native,2
ASH12632,Northern Pike,Native,2
ASH12632,Silver Redhorse,Native,2
ASH12632,Johnny Darter,Native,2
ASH12632,Round Goby,Non-Native,2
ASH12633,Smallmouth Bass,Native,2
ASH12634,Smallmouth Bass,Native,2
ASH12634,Logperch,Native,2
ASH12635,Shorthead Redhorse,Native,2
ASH12635,Yellow Perch,Native,2
ASH12635,Ruffe,Non-Native,2
ASH12636,Spottail Shiner,Native,2
ASH12636,Pumpkinseed,Native,2
ASH12637,Rock Bass,Native,2
ASH12638,White Sucker,Native,2
ASH12638,Pumpkinseed,Native,2
ASH12639,Logperch,Native,2
ASH12639,Yellow Perch,Native,2
ASH12639,Tubenose Goby,Non-Native,2
ASH12640,Golden Shiner,Native,2
ASH12640,Yellow Perch,Native,2
ASH12641,Golden Shiner,Native,2
ASH12641,Rock Bass,Native,2
ASH12641,Bluegill,Native,2
ASH12641,Johnny Darter,Native,2
ASH12641,Round Goby,Non-Native,2
ASH12641,Tubenose Goby,Non-Native,2
ASH12642,Tadpole Madtom,Native,2
ASH12642,Rock Bass,Native,2
ASH12643,Silver Redhorse,Native,2
ASH12643,Rock Bass,Native,2
ASH12645,Tubenose Goby,Non-Native,2
ASH12648,Common Shiner,Native,2
ASH12648,Spottail Shiner,Native,2
ASH12648,Johnny Darter,Native,2
ASH12649,Emerald Shiner,Native,2
ASH12649,Tubenose Goby,Non-Native,2
ASH12650,Golden Shiner,Native,2
ASH12650,Spottail Shiner,Native,2
ASH12650,Pumpkinseed,Native,2
ASH12651,Trout-perch,Native,2
ASH12651,Mimic Shiner,Native,2
ASH12652,Freshwater Drum,Non-Native,2
ASH12652,Rock Bass,Native,2
ASH12653,Silver Redhorse,Native,2
ASH12653,Spottail Shiner,Native,2
ASH12654,Silver Redhorse,Native,2
ASH12654,Spottail Shiner,Native,2
ASH12654,Rock Bass,Native,2
ASH12655,Northern Pike,Native,2
ASH12655,Round Goby,Non-Native,2
ASH12657,Emerald Shiner,Native,2
ASH12657,Spottail Shiner,Native,2
ASH12657,Yellow Perch,Native,2
ASH12658,White Sucker,Native,2
ASH12659,Golden Shiner,Native,2
ASH12659,Yellow Perch,Native,2
ASH12662,Yellow Perch,Native,2
ASH12665,Brook Silverside,Non-Native,2
ASH12665,Smallmouth Bass,Native,2
ASH12665,Yellow Perch,Native,2
ASH12667,Smallmouth Bass,Native,2
ASH12669,Pumpkinseed,Native,2
ASH12669,Bluegill,Native,2
ASH12670,Pumpkinseed,Native,2
ASH12674,Black Crappie,Native,2
ASH12675,Pumpkinseed,Native,2
ASH12675,Yellow Perch,Native,2
ASH12883,White Perch,Non-Native,2
ASH12883,Carps and Minnows,,2
ASH12884,Tadpole Madtom,Native,2
ASH12884,Freshwater Drum,Non-Native,2
ASH12884,Spottail Shiner,Native,2
ASH12886,Spottail Shiner,Native,2
ASH12886,Carps and Minnows,,2
ASH12886,Johnny Darter,Native,2
ASH12886,Walleye,Native,2
ASH12886,Round Goby,Non-Native,2
ASH12887,Emerald Shiner,Native,2
ASH12887,Spottail Shiner,Native,2
ASH12888,Ruffe,Non-Native,2
ASH12890,Rainbow Smelt,Non-Native,2
ASH12890,Ruffe,Non-Native,2
ASH12892,Yellow Perch,Native,2
ASH12899,Walleye,Native,2
ASH12900,Rainbow Smelt,Non-Native,2
ASH12900,Spottail Shiner,Native,2
ASH12901,Round Goby,Non-Native,2
ASH12902,Channel Catfish,Native,2
ASH12902,Ruffe,Non-Native,2
ASH12903,Trout-perch,Native,2
ASH12903,Emerald Shiner,Native,2
ASH12905,Ruffe,Non-Native,2
ASH12906,Walleye,Native,2
ASH12906,Ruffe,Non-Native,2
ASH12914,Trout-perch,Native,2
ASH12916,Emerald Shiner,Native,2
ASH12923,Walleye,Native,2
ASH12925,White Perch,Non-Native,2
ASH12926,Rainbow Smelt,Non-Native,2
ASH12926,Black Crappie,Native,2
ASH12929,Black Crappie,Native,2
ASH12930,Trout-perch,Native,2
ASH12931,Emerald Shiner,Native,2
ASH12933,Trout-perch,Native,2
ASH12935,Golden Shiner,Native,2
ASH12936,Yellow Perch,Native,2
ASH12938,White Perch,Non-Native,2
ASH12938,Golden Shiner,Native,2
ASH12940,Rainbow Smelt,Non-Native,2
ASH12943,Black Crappie,Native,2
ASH12944,Rainbow Smelt,Non-Native,2
ASH12945,White Perch,Non-Native,2
ASH12948,Carps and Minnows,,2
ASH12950,Round Goby,Non-Native,2
ASH12953,White Perch,Non-Native,2
ASH12957,Walleye,Native,2
ASH12959,Ruffe,Non-Native,2
ASH12960,Freshwater Drum,Non-Native,2
ASH12960,Emerald Shiner,Native,2
ASH12961,Freshwater Drum,Non-Native,2
ASH12962,White Sucker,Native,2
ASH12962,Emerald Shiner,Native,2
ASH12962,Round Goby,Non-Native,2
ASH12963,Johnny Darter,Native,2
ASH12963,Yellow Perch,Native,2
ASH12963,Round Goby,Non-Native,2
ASH12964,Freshwater Drum,Non-Native,2
ASH12965,Johnny Darter,Native,2
ASH12965,Tubenose Goby,Non-Native,2
ASH12966,Johnny Darter,Native,2
ASH12967,Freshwater Drum,Non-Native,2
ASH12967,Johnny Darter,Native,2
ASH12968,White Sucker,Native,2
ASH12969,Emerald Shiner,Native,2
ASH12969,Logperch,Native,2
ASH12970,Round Goby,Non-Native,2
ASH12971,White Perch,Non-Native,2
ASH12972,Trout-perch,Native,2
ASH12972,Spottail Shiner,Native,2
ASH12973,Black Crappie,Native,2
ASH12974,Spottail Shiner,Native,2
ASH12974,Black Crappie,Native,2
ASH12974,Round Goby,Non-Native,2
ASH12975,Emerald Shiner,Native,2
ASH12976,Black Crappie,Native,2
ASH12976,Logperch,Native,2
ASH12976,Round Goby,Non-Native,2
ASH12977,Round Goby,Non-Native,2
ASH12980,Johnny Darter,Native,2
ASH12981,Tadpole Madtom,Native,2
ASH12981,White Perch,Non-Native,2
ASH12981,Ruffe,Non-Native,2
ASH12983,Round Goby,Non-Native,2
ASH12986,Largemouth Bass,Native,2
ASH12989,Round Goby,Non-Native,2
ASH12990,Tadpole Madtom,Native,2
ASH12990,Trout-perch,Native,2
ASH12990,White Perch,Non-Native,2
ASH12990,Freshwater Drum,Non-Native,2
ASH12991,Trout-perch,Native,2
ASH12991,Freshwater Drum,Non-Native,2
ASH12993,Black Crappie,Native,2
ASH12996,Black Crappie,Native,2
ASH13001,Spottail Shiner,Native,2
ASH13003,White Perch,Non-Native,2
ASH13028,Rainbow Smelt,Non-Native,2
ASH13031,Channel Catfish,Native,2
ASH13031,White Perch,Non-Native,2
ASH11702,Trout-perch,Native,3
ASH11709,Bluegill,Native,3
ASH11710,Smallmouth Bass,Native,3
ASH11710,Yellow Perch,Native,3
ASH11711,Ruffe,Non-Native,3
ASH11712,Bluegill,Native,3
ASH11713,Central Mudminnow,Native,3
ASH11714,Black Crappie,Native,3
ASH11716,Emerald Shiner,Native,3
ASH11718,Rock Bass,Native,3
ASH11718,Tubenose Goby,Non-Native,3
ASH11721,Round Goby,Non-Native,3
ASH11962,Spottail Shiner,Native,3
ASH11963,Johnny Darter,Native,3
ASH11964,Black Crappie,Native,3
ASH11966,Yellow Perch,Native,3
ASH11967,Spottail Shiner,Native,3
ASH11968,Trout-perch,Native,3
ASH11969,White Perch,Non-Native,3
ASH11969,Logperch,Native,3
ASH11971,Trout-perch,Native,3
ASH11971,Silver Redhorse,Native,3
ASH11972,Trout-perch,Native,3
ASH11974,Brown Bullhead,Native,3
ASH11974,Trout-perch,Native,3
ASH11974,Bluegill,Native,3
ASH11974,Yellow Perch,Native,3
ASH11977,Shorthead Redhorse,Native,3
ASH11979,Silver Redhorse,Native,3
ASH11985,Black Crappie,Native,3
ASH11986,Yellow Perch,Native,3
ASH11990,Freshwater Drum,Non-Native,3
ASH11990,Walleye,Native,3
ASH11994,Rock Bass,Native,3
ASH11994,Smallmouth Bass,Native,3
ASH11998,White Bass,Non-Native,3
ASH12001,Spottail Shiner,Native,3
ASH12004,Golden Shiner,Native,3
ASH12004,Pumpkinseed,Native,3
ASH12005,Pumpkinseed,Native,3
ASH12006,Smallmouth Bass,Native,3
ASH12006,Sunfishes,,3
ASH12008,Black Bullhead,Native,3
ASH12008,Golden Shiner,Native,3
ASH12008,Yellow Perch,Native,3
ASH12010,Yellow Perch,Native,3
ASH12011,Sunfishes,,3
ASH12012,Sunfishes,,3
ASH12013,Sunfishes,,3
ASH12014,Yellow Perch,Native,3
ASH12015,Sunfishes,,3
ASH12015,Walleye,Native,3
ASH12016,Black Crappie,Native,3
ASH12016,Tubenose Goby,Non-Native,3
ASH12018,Trout-perch,Native,3
ASH12019,Spottail Shiner,Native,3
ASH12020,Ruffe,Non-Native,3
ASH12020,Round Goby,Non-Native,3
ASH12021,Trout-perch,Native,3
ASH12023,White Sucker,Native,3
ASH12028,Black Crappie,Native,3
ASH12029,Yellow Perch,Native,3
ASH12033,Northern Pike,Native,3
ASH12034,Common Carp,Non-Native,3
ASH12034,Black Crappie,Native,3
ASH12045,Yellow Perch,Native,3
ASH12047,Trout-perch,Native,3
ASH12049,Spottail Shiner,Native,3
ASH12049,Yellow Perch,Native,3
ASH12054,Emerald Shiner,Native,3
ASH12054,Black Crappie,Native,3
ASH12056,Emerald Shiner,Native,3
ASH12059,Ruffe,Non-Native,3
ASH12062,Rainbow Smelt,Non-Native,3
ASH12062,Emerald Shiner,Native,3
ASH12062,Ruffe,Non-Native,3
ASH12067,Spottail Shiner,Native,3
ASH12068,Yellow Perch,Native,3
ASH12070,Black Crappie,Native,3
ASH12070,Round Goby,Non-Native,3
ASH12078,Yellow Perch,Native,3
ASH12078,Round Goby,Non-Native,3
ASH12080,Emerald Shiner,Native,3
ASH12080,Walleye,Native,3
ASH12080,Round Goby,Non-Native,3
ASH12093,Black Crappie,Native,3
ASH12094,Ruffe,Non-Native,3
ASH12097,Round Goby,Non-Native,3
ASH12102,Ruffe,Non-Native,3
ASH12103,Freshwater Drum,Non-Native,3
ASH12106,Ruffe,Non-Native,3
ASH12107,Rainbow Smelt,Non-Native,3
ASH12108,Yellow Perch,Native,3
ASH12109,Spottail Shiner,Native,3
ASH12113,Emerald Shiner,Native,3
ASH12115,Emerald Shiner,Native,3
ASH12115,Ruffe,Non-Native,3
ASH12118,Johnny Darter,Native,3
ASH12127,Silver Redhorse,Native,3
ASH12127,Walleye,Native,3
ASH12128,Bluegill,Native,3
ASH12136,Freshwater Drum,Non-Native,3
ASH12140,Emerald Shiner,Native,3
ASH12141,Yellow Perch,Native,3
ASH12144,Rainbow Smelt,Non-Native,3
ASH12144,White Perch,Non-Native,3
ASH12144,Round Goby,Non-Native,3
ASH12148,Spottail Shiner,Native,3
ASH12150,Trout-perch,Native,3
ASH12152,Yellow Perch,Native,3
ASH12154,Rainbow Smelt,Non-Native,3
ASH12157,Round Goby,Non-Native,3
ASH12158,Yellow Perch,Native,3
ASH12159,Freshwater Drum,Non-Native,3
ASH12159,Ruffe,Non-Native,3
ASH12160,Freshwater Drum,Non-Native,3
ASH12162,Round Goby,Non-Native,3
ASH12163,Channel Catfish,Native,3
ASH12165,Spottail Shiner,Native,3
ASH12166,Emerald Shiner,Native,3
ASH12560,Silver Redhorse,Native,3
ASH12560,Yellow Perch,Native,3
ASH12562,Smallmouth Bass,Native,3
ASH12564,Yellow Perch,Native,3
ASH12564,Round Goby,Non-Native,3
ASH12565,Round Goby,Non-Native,3
ASH12567,Black Crappie,Native,3
ASH12569,Sunfishes,,3
ASH12573,Smallmouth Bass,Native,3
ASH12575,Smallmouth Bass,Native,3
ASH12576,Muskellunge,Native,3
ASH12576,Golden Shiner,Native,3
ASH12578,Spottail Shiner,Native,3
ASH12579,Yellow Perch,Native,3
ASH12588,Trout-perch,Native,3
ASH12590,Northern Pike,Native,3
ASH12593,Emerald Shiner,Native,3
ASH12593,Spottail Shiner,Native,3
ASH12595,Trout-perch,Native,3
ASH12595,White Sucker,Native,3
ASH12597,Trout-perch,Native,3
ASH12598,Tadpole Madtom,Native,3
ASH12601,Johnny Darter,Native,3
ASH12604,White Bass,Non-Native,3
ASH12604,Spottail Shiner,Native,3
ASH12604,Rock Bass,Native,3
ASH12605,Johnny Darter,Native,3
ASH12607,White Bass,Non-Native,3
ASH12608,Shorthead Redhorse,Native,3
ASH12608,Tubenose Goby,Non-Native,3
ASH12611,Silver Redhorse,Native,3
ASH12611,Shorthead Redhorse,Native,3
ASH12612,Tadpole Madtom,Native,3
ASH12613,Tubenose Goby,Non-Native,3
ASH12615,Smallmouth Bass,Native,3
ASH12615,Johnny Darter,Native,3
ASH12617,Rock Bass,Native,3
ASH12623,Largemouth Bass,Native,3
ASH12630,Yellow Perch,Native,3
ASH12631,Smallmouth Bass,Native,3
ASH12634,White Perch,Non-Native,3
ASH12638,Emerald Shiner,Native,3
ASH12639,Rock Bass,Native,3
ASH12642,Yellow Perch,Native,3
ASH12645,Yellow Perch,Native,3
ASH12646,Rock Bass,Native,3
ASH12650,Johnny Darter,Native,3
ASH12651,Tubenose Goby,Non-Native,3
ASH12652,Pumpkinseed,Native,3
ASH12654,Trout-perch,Native,3
ASH12654,White Sucker,Native,3
ASH12655,Fathead Minnow,Native,3
ASH12659,Pumpkinseed,Native,3
ASH12660,White Perch,Non-Native,3
ASH12668,Shorthead Redhorse,Native,3
ASH12669,Largemouth Bass,Native,3
ASH12670,Yellow Perch,Native,3
ASH12673,Largemouth Bass,Native,3
ASH12673,Sunfishes,,3
ASH12675,Sunfishes,,3
ASH12883,Rainbow Smelt,Non-Native,3
ASH12883,Spottail Shiner,Native,3
ASH12883,Ruffe,Non-Native,3
ASH12884,Round Goby,Non-Native,3
ASH12885,Spottail Shiner,Native,3
ASH12885,Carps and Minnows,,3
ASH12887,Channel Catfish,Native,3
ASH12889,Trout-perch,Native,3
ASH12889,Yellow Perch,Native,3
ASH12889,Round Goby,Non-Native,3
ASH12891,Rainbow Smelt,Non-Native,3
ASH12891,Channel Catfish,Native,3
ASH12891,Ruffe,Non-Native,3
ASH12892,Round Goby,Non-Native,3
ASH12893,Trout-perch,Native,3
ASH12894,Johnny Darter,Native,3
ASH12895,Spottail Shiner,Native,3
ASH12895,Yellow Perch,Native,3
ASH12898,Ruffe,Non-Native,3
ASH12901,Channel Catfish,Native,3
ASH12904,Tadpole Madtom,Native,3
ASH12905,Channel Catfish,Native,3
ASH12908,Trout-perch,Native,3
ASH12909,Yellow Perch,Native,3
ASH12910,Channel Catfish,Native,3
ASH12913,Channel Catfish,Native,3
ASH12915,Spottail Shiner,Native,3
ASH12921,Trout-perch,Native,3
ASH12928,Rainbow Smelt,Non-Native,3
ASH12928,Spottail Shiner,Native,3
ASH12929,Channel Catfish,Native,3
ASH12933,Emerald Shiner,Native,3
ASH12933,Black Crappie,Native,3
ASH12936,Trout-perch,Native,3
ASH12936,White Sucker,Native,3
ASH12938,Carps and Minnows,,3
ASH12941,Rock Bass,Native,3
ASH12941,Tubenose Goby,Non-Native,3
ASH12946,Trout-perch,Native,3
ASH12947,Northern Pike,Native,3
ASH12949,Logperch,Native,3
ASH12952,Rainbow Smelt,Non-Native,3
ASH12952,White Perch,Non-Native,3
ASH12953,Round Goby,Non-Native,3
ASH12954,Bluegill,Native,3
ASH12960,Walleye,Native,3
ASH12964,Emerald Shiner,Native,3
ASH12964,Logperch,Native,3
ASH12972,Round Goby,Non-Native,3
ASH12975,White Perch,Non-Native,3
ASH12977,White Perch,Non-Native,3
ASH12977,Spottail Shiner,Native,3
ASH12982,White Perch,Non-Native,3
ASH12984,White Perch,Non-Native,3
ASH12984,Freshwater Drum,Non-Native,3
ASH12989,Freshwater Drum,Non-Native,3
ASH12991,Channel Catfish,Native,3
ASH12992,Black Crappie,Native,3
ASH12994,Trout-perch,Native,3
ASH12995,Trout-perch,Native,3
ASH12999,Channel Catfish,Native,3
ASH13002,Round Goby,Non-Native,3
ASH13003,Round Goby,Non-Native,3
ASH13031,Golden Shiner,Native,3
ASH13031,Rock Bass,Native,3
ASH11710,Rock Bass,Native,4
ASH11714,Spottail Shiner,Native,4
ASH11716,Golden Shiner,Native,4
ASH11717,Spottail Shiner,Native,4
ASH11718,Pumpkinseed,Native,4
ASH11720,Spottail Shiner,Native,4
ASH11722,Threespine Stickleback,Non-Native,4
ASH11722,Round Goby,Non-Native,4
ASH11960,Yellow Perch,Native,4
ASH11964,Spottail Shiner,Native,4
ASH11964,Rock Bass,Native,4
ASH11964,Bluegill,Native,4
ASH11966,Tadpole Madtom,Native,4
ASH11971,Spottail Shiner,Native,4
ASH11972,White Perch,Non-Native,4
ASH11972,Spottail Shiner,Native,4
ASH11996,Emerald Shiner,Native,4
ASH12001,Black Crappie,Native,4
ASH12001,Yellow Perch,Native,4
ASH12002,Trout-perch,Native,4
ASH12009,Golden Shiner,Native,4
ASH12011,Golden Shiner,Native,4
ASH12013,Black Crappie,Native,4
ASH12018,Tubenose Goby,Non-Native,4
ASH12021,Bluegill,Native,4
ASH12023,Spottail Shiner,Native,4
ASH12028,Yellow Perch,Native,4
ASH12045,Black Crappie,Native,4
ASH12046,Channel Catfish,Native,4
ASH12048,Trout-perch,Native,4
ASH12052,Black Crappie,Native,4
ASH12052,Yellow Perch,Native,4
ASH12055,Tadpole Madtom,Native,4
ASH12056,Round Goby,Non-Native,4
ASH12066,Trout-perch,Native,4
ASH12068,Ruffe,Non-Native,4
ASH12070,Ruffe,Non-Native,4
ASH12076,Ruffe,Non-Native,4
ASH12080,Ruffe,Non-Native,4
ASH12088,Rainbow Smelt,Non-Native,4
ASH12093,Spottail Shiner,Native,4
ASH12096,Emerald Shiner,Native,4
ASH12098,Ruffe,Non-Native,4
ASH12102,Walleye,Native,4
ASH12108,Ruffe,Non-Native,4
ASH12110,Round Goby,Non-Native,4
ASH12112,Yellow Perch,Native,4
ASH12116,Ruffe,Non-Native,4
ASH12116,Round Goby,Non-Native,4
ASH12125,Ruffe,Non-Native,4
ASH12127,Trout-perch,Native,4
ASH12129,Yellow Perch,Native,4
ASH12137,Yellow Perch,Native,4
ASH12139,Golden Shiner,Native,4
ASH12139,Johnny Darter,Native,4
ASH12142,Yellow Perch,Native,4
ASH12144,Freshwater Drum,Non-Native,4
ASH12157,Ruffe,Non-Native,4
ASH12160,Spottail Shiner,Native,4
ASH12161,Black Crappie,Native,4
ASH12161,Round Goby,Non-Native,4
ASH12162,Emerald Shiner,Native,4
ASH12162,Ruffe,Non-Native,4
ASH12263,Black Crappie,Native,4
ASH12558,Yellow Perch,Native,4
ASH12560,Northern Pike,Native,4
ASH12564,Trout-perch,Native,4
ASH12567,Johnny Darter,Native,4
ASH12570,Black Crappie,Native,4
ASH12573,Rock Bass,Native,4
ASH12574,Rock Bass,Native,4
ASH12574,Round Goby,Non-Native,4
ASH12576,Pumpkinseed,Native,4
ASH12582,Emerald Shiner,Native,4
ASH12587,Walleye,Native,4
ASH12591,Yellow Perch,Native,4
ASH12592,Spottail Shiner,Native,4
ASH12595,Walleye,Native,4
ASH12598,Rock Bass,Native,4
ASH12599,Yellow Perch,Native,4
ASH12602,Round Goby,Non-Native,4
ASH12603,Smallmouth Bass,Native,4
ASH12603,Black Crappie,Native,4
ASH12605,Largemouth Bass,Native,4
ASH12606,Rock Bass,Native,4
ASH12606,Yellow Perch,Native,4
ASH12610,Golden Shiner,Native,4
ASH12610,Yellow Perch,Native,4
ASH12611,Logperch,Native,4
ASH12613,Bluegill,Native,4
ASH12614,Johnny Darter,Native,4
ASH12615,Channel Catfish,Native,4
ASH12616,Largemouth Bass,Native,4
ASH12620,Logperch,Native,4
ASH12621,Golden Shiner,Native,4
ASH12622,Golden Shiner,Native,4
ASH12622,Sunfishes,,4
ASH12628,Black Crappie,Native,4
ASH12637,Pumpkinseed,Native,4
ASH12638,Freshwater Drum,Non-Native,4
ASH12639,Johnny Darter,Native,4
ASH12640,Sunfishes,,4
ASH12642,Pumpkinseed,Native,4
ASH12645,Pumpkinseed,Native,4
ASH12646,Black Crappie,Native,4
ASH12646,Round Goby,Non-Native,4
ASH12647,Rock Bass,Native,4
ASH12648,Black Bullhead,Native,4
ASH12648,Yellow Perch,Native,4
ASH12649,Trout-perch,Native,4
ASH12651,Golden Shiner,Native,4
ASH12655,Black Bullhead,Native,4
ASH12655,White Sucker,Native,4
ASH12658,Emerald Shiner,Native,4
ASH12658,Yellow Perch,Native,4
ASH12668,Yellow Perch,Native,4
ASH12669,Brook Silverside,Non-Native,4
ASH12882,Carps and Minnows,,4
ASH12882,Logperch,Native,4
ASH12884,Yellow Perch,Native,4
ASH12886,Rainbow Smelt,Non-Native,4
ASH12886,Emerald Shiner,Native,4
ASH12887,Ruffe,Non-Native,4
ASH12889,Emerald Shiner,Native,4
ASH12893,Yellow Perch,Native,4
ASH12914,Spottail Shiner,Native,4
ASH12918,Trout-perch,Native,4
ASH12927,Rainbow Smelt,Non-Native,4
ASH12928,White Perch,Non-Native,4
ASH12931,Yellow Perch,Native,4
ASH12938,Walleye,Native,4
ASH12942,White Perch,Non-Native,4
ASH12944,Freshwater Drum,Non-Native,4
ASH12944,Ruffe,Non-Native,4
ASH12947,Spottail Shiner,Native,4
ASH12950,Bluegill,Native,4
ASH12951,Logperch,Native,4
ASH12953,Rainbow Smelt,Non-Native,4
ASH12953,Spottail Shiner,Native,4
ASH12954,Trout-perch,Native,4
ASH12956,Ruffe,Non-Native,4
ASH12957,Ruffe,Non-Native,4
ASH12959,Walleye,Native,4
ASH12961,Ruffe,Non-Native,4
ASH12962,Logperch,Native,4
ASH12963,Freshwater Drum,Non-Native,4
ASH12965,Freshwater Drum,Non-Native,4
ASH12968,Johnny Darter,Native,4
ASH12968,Logperch,Native,4
ASH12975,Trout-perch,Native,4
ASH12975,Round Goby,Non-Native,4
ASH12980,White Perch,Non-Native,4
ASH12987,Golden Shiner,Native,4
ASH12988,Trout-perch,Native,4
ASH13001,Trout-perch,Native,4
ASH13002,Spottail Shiner,Native,4
ASH13003,Spottail Shiner,Native,4
ASH13030,Rainbow Smelt,Non-Native,4
ASH13030,Spottail Shiner,Native,4
ASH13031,Northern Pike,Native,4
ASH13031,White Sucker,Native,4
ASH11684,Black Crappie,Native,5
ASH11708,Black Crappie,Native,5
ASH11716,Spottail Shiner,Native,5
ASH11718,Black Crappie,Native,5
ASH11722,Trout-perch,Native,5
ASH11963,Yellow Perch,Native,5
ASH11965,Yellow Perch,Native,5
ASH11967,Tadpole Madtom,Native,5
ASH11973,Yellow Perch,Native,5
ASH11975,Sunfishes,,5
ASH11978,Round Goby,Non-Native,5
ASH11988,Golden Shiner,Native,5
ASH11988,Yellow Perch,Native,5
ASH11998,Emerald Shiner,Native,5
ASH11999,Trout-perch,Native,5
ASH12008,Emerald Shiner,Native,5
ASH12008,Round Goby,Non-Native,5
ASH12011,Yellow Perch,Native,5
ASH12017,Rock Bass,Native,5
ASH12017,Tubenose Goby,Non-Native,5
ASH12020,Bluegill,Native,5
ASH12024,Trout-perch,Native,5
ASH12024,Sunfishes,,5
ASH12078,Trout-perch,Native,5
ASH12078,Emerald Shiner,Native,5
ASH12079,Rainbow Smelt,Non-Native,5
ASH12092,White Perch,Non-Native,5
ASH12098,Spottail Shiner,Native,5
ASH12099,Round Goby,Non-Native,5
ASH12107,Channel Catfish,Native,5
ASH12127,Rock Bass,Native,5
ASH12128,Trout-perch,Native,5
ASH12144,Ruffe,Non-Native,5
ASH12145,Trout-perch,Native,5
ASH12146,Trout-perch,Native,5
ASH12151,Spottail Shiner,Native,5
ASH12155,Freshwater Drum,Non-Native,5
ASH12156,Trout-perch,Native,5
ASH12157,White Perch,Non-Native,5
ASH12160,Yellow Perch,Native,5
ASH12161,White Perch,Non-Native,5
ASH12162,Rainbow Smelt,Non-Native,5
ASH12165,Rainbow Smelt,Non-Native,5
ASH12559,Black Crappie,Native,5
ASH12559,Ruffe,Non-Native,5
ASH12569,Yellow Perch,Native,5
ASH12574,Smallmouth Bass,Native,5
ASH12585,Yellow Perch,Native,5
ASH12586,Walleye,Native,5
ASH12588,Spottail Shiner,Native,5
ASH12592,Black Crappie,Native,5
ASH12602,Smallmouth Bass,Native,5
ASH12604,Emerald Shiner,Native,5
ASH12606,Silver Redhorse,Native,5
ASH12607,White Sucker,Native,5
ASH12612,Spottail Shiner,Native,5
ASH12616,Golden Shiner,Native,5
ASH12617,Yellow Perch,Native,5
ASH12618,Shorthead Redhorse,Native,5
ASH12620,Black Crappie,Native,5
ASH12632,Yellow Perch,Native,5
ASH12637,Black Crappie,Native,5
ASH12637,Sunfishes,,5
ASH12642,Tubenose Goby,Non-Native,5
ASH12645,Silver Redhorse,Native,5
ASH12650,Emerald Shiner,Native,5
ASH12650,Black Crappie,Native,5
ASH12652,Golden Shiner,Native,5
ASH12652,Emerald Shiner,Native,5
ASH12653,Tadpole Madtom,Native,5
ASH12655,White Perch,Non-Native,5
ASH12655,Spottail Shiner,Native,5
ASH12670,Sunfishes,,5
ASH12674,Emerald Shiner,Native,5
ASH12674,Yellow Perch,Native,5
ASH12882,Yellow Perch,Native,5
ASH12889,Carps and Minnows,,5
ASH12896,Trout-perch,Native,5
ASH12902,Trout-perch,Native,5
ASH12907,Black Crappie,Native,5
ASH12909,Logperch,Native,5
ASH12910,Trout-perch,Native,5
ASH12917,Tadpole Madtom,Native,5
ASH12924,White Perch,Non-Native,5
ASH12924,Spottail Shiner,Native,5
ASH12926,Freshwater Drum,Non-Native,5
ASH12931,Trout-perch,Native,5
ASH12935,Channel Catfish,Native,5
ASH12949,Trout-perch,Native,5
ASH12954,Spottail Shiner,Native,5
ASH12954,Round Goby,Non-Native,5
ASH12963,Rainbow Smelt,Non-Native,5
ASH12964,Rainbow Smelt,Non-Native,5
ASH12966,Black Crappie,Native,5
ASH12966,Round Goby,Non-Native,5
ASH12968,Black Crappie,Native,5
ASH12969,Spottail Shiner,Native,5
ASH12977,Channel Catfish,Native,5
ASH12987,Trout-perch,Native,5
ASH12988,Black Crappie,Native,5
ASH12989,Channel Catfish,Native,5
ASH12990,Ruffe,Non-Native,5
ASH13000,Spottail Shiner,Native,5
ASH13001,Bluegill,Native,5
ASH13028,Ruffe,Non-Native,5
ASH11682,Trout-perch,Native,6
ASH11694,Walleye,Native,6
ASH11713,Rock Bass,Native,6
ASH11713,Bluegill,Native,6
ASH11962,Yellow Perch,Native,6
ASH11968,Bluegill,Native,6
ASH11974,Rock Bass,Native,6
ASH11982,Yellow Perch,Native,6
ASH11998,Silver Redhorse,Native,6
ASH12003,Trout-perch,Native,6
ASH12015,Pumpkinseed,Native,6
ASH12016,Yellow Perch,Native,6
ASH12021,Shorthead Redhorse,Native,6
ASH12021,Golden Shiner,Native,6
ASH12021,Sunfishes,,6
ASH12023,Freshwater Drum,Non-Native,6
ASH12057,Spottail Shiner,Native,6
ASH12058,Trout-perch,Native,6
ASH12064,Ruffe,Non-Native,6
ASH12073,Channel Catfish,Native,6
ASH12090,Walleye,Native,6
ASH12096,Round Goby,Non-Native,6
ASH12100,Yellow Perch,Native,6
ASH12104,Rainbow Smelt,Non-Native,6
ASH12110,Spottail Shiner,Native,6
ASH12113,Yellow Perch,Native,6
ASH12117,Channel Catfish,Native,6
ASH12127,Black Crappie,Native,6
ASH12144,Bluegill,Native,6
ASH12144,Yellow Perch,Native,6
ASH12149,Emerald Shiner,Native,6
ASH12149,Ruffe,Non-Native,6
ASH12151,Round Goby,Non-Native,6
ASH12152,White Perch,Non-Native,6
ASH12152,Round Goby,Non-Native,6
ASH12154,Freshwater Drum,Non-Native,6
ASH12160,Round Goby,Non-Native,6
ASH12161,Ruffe,Non-Native,6
ASH12163,Ruffe,Non-Native,6
ASH12164,Black Crappie,Native,6
ASH12164,Yellow Perch,Native,6
ASH12165,Freshwater Drum,Non-Native,6
ASH12166,Ruffe,Non-Native,6
ASH12263,Walleye,Native,6
ASH12564,Longnose Sucker,Native,6
ASH12569,Black Crappie,Native,6
ASH12583,Emerald Shiner,Native,6
ASH12588,Shorthead Redhorse,Native,6
ASH12588,Emerald Shiner,Native,6
ASH12593,Trout-perch,Native,6
ASH12600,Logperch,Native,6
ASH12601,Black Crappie,Native,6
ASH12604,Round Goby,Non-Native,6
ASH12616,Yellow Perch,Native,6
ASH12620,Golden Shiner,Native,6
ASH12632,White Perch,Non-Native,6
ASH12644,Bluegill,Native,6
ASH12648,Pumpkinseed,Native,6
ASH12649,Pumpkinseed,Native,6
ASH12649,Round Goby,Non-Native,6
ASH12650,Bluegill,Native,6
ASH12651,Yellow Perch,Native,6
ASH12655,Shorthead Redhorse,Native,6
ASH12657,White Perch,Non-Native,6
ASH12658,Black Crappie,Native,6
ASH12659,Emerald Shiner,Native,6
ASH12669,Yellow Perch,Native,6
ASH12882,Spottail Shiner,Native,6
ASH12884,Rainbow Smelt,Non-Native,6
ASH12884,Ruffe,Non-Native,6
ASH12901,Trout-perch,Native,6
ASH12905,Tadpole Madtom,Native,6
ASH12906,Trout-perch,Native,6
ASH12909,Emerald Shiner,Native,6
ASH12916,Trout-perch,Native,6
ASH12940,Black Crappie,Native,6
ASH12955,Rainbow Smelt,Non-Native,6
ASH12964,White Perch,Non-Native,6
ASH12964,Spottail Shiner,Native,6
ASH12974,White Perch,Non-Native,6
ASH12981,Trout-perch,Native,6
ASH12983,Walleye,Native,6
ASH12986,Yellow Perch,Native,6
ASH12990,Black Crappie,Native,6
ASH11682,Rock Bass,Native,7
ASH11709,Smallmouth Bass,Native,7
ASH11714,Trout-perch,Native,7
ASH11721,Rock Bass,Native,7
ASH11962,Tadpole Madtom,Native,7
ASH11967,Black Crappie,Native,7
ASH11969,Brown Bullhead,Native,7
ASH11992,Rock Bass,Native,7
ASH11992,Yellow Perch,Native,7
ASH12000,Trout-perch,Native,7
ASH12013,Yellow Perch,Native,7
ASH12016,Sunfishes,,7
ASH12023,Tadpole Madtom,Native,7
ASH12055,Ruffe,Non-Native,7
ASH12090,Spottail Shiner,Native,7
ASH12100,Walleye,Native,7
ASH12149,Spottail Shiner,Native,7
ASH12165,White Perch,Non-Native,7
ASH12558,Spottail Shiner,Native,7
ASH12560,Black Crappie,Native,7
ASH12561,Yellow Perch,Native,7
ASH12563,Round Goby,Non-Native,7
ASH12568,Spottail Shiner,Native,7
ASH12577,Yellow Perch,Native,7
ASH12581,Yellow Perch,Native,7
ASH12598,Yellow Perch,Native,7
ASH12602,Black Crappie,Native,7
ASH12605,Round Goby,Non-Native,7
ASH12608,Bluegill,Native,7
ASH12617,Largemouth Bass,Native,7
ASH12628,Golden Shiner,Native,7
ASH12630,Silver Redhorse,Native,7
ASH12632,Logperch,Native,7
ASH12638,Tadpole Madtom,Native,7
ASH12640,Black Crappie,Native,7
ASH12642,Black Crappie,Native,7
ASH12650,Rock Bass,Native,7
ASH12651,Emerald Shiner,Native,7
ASH12654,Yellow Perch,Native,7
ASH12655,Sunfishes,,7
ASH12655,Tubenose Goby,Non-Native,7
ASH12671,Yellow Perch,Native,7
ASH12884,Emerald Shiner,Native,7
ASH12900,Trout-perch,Native,7
ASH12911,Spottail Shiner,Native,7
ASH12916,Spottail Shiner,Native,7
ASH12925,Spottail Shiner,Native,7
ASH12935,Yellow Perch,Native,7
ASH12957,Rainbow Smelt,Non-Native,7
ASH12964,Trout-perch,Native,7
ASH12966,White Perch,Non-Native,7
ASH12966,Emerald Shiner,Native,7
ASH12967,Rainbow Smelt,Non-Native,7
ASH12980,Channel Catfish,Native,7
ASH12983,Yellow Perch,Native,7
ASH12989,Bluegill,Native,7
ASH13031,Logperch,Native,7
ASH13031,Yellow Perch,Native,7
ASH11961,Sunfishes,,8
ASH11965,Black Crappie,Native,8
ASH12019,Sunfishes,,8
ASH12021,White Perch,Non-Native,8
ASH12023,Golden Shiner,Native,8
ASH12024,Golden Shiner,Native,8
ASH12052,Spottail Shiner,Native,8
ASH12068,Emerald Shiner,Native,8
ASH12092,Round Goby,Non-Native,8
ASH12096,Ruffe,Non-Native,8
ASH12098,Round Goby,Non-Native,8
ASH12099,White Perch,Non-Native,8
ASH12100,Spottail Shiner,Native,8
ASH12107,Trout-perch,Native,8
ASH12107,Mottled Sculpin,Native,8
ASH12119,Rock Bass,Native,8
ASH12122,Yellow Perch,Native,8
ASH12126,Yellow Perch,Native,8
ASH12130,Yellow Perch,Native,8
ASH12134,Trout-perch,Native,8
ASH12149,Trout-perch,Native,8
ASH12154,White Perch,Non-Native,8
ASH12154,Logperch,Native,8
ASH12160,Walleye,Native,8
ASH12162,Channel Catfish,Native,8
ASH12164,Freshwater Drum,Non-Native,8
ASH12262,Spottail Shiner,Native,8
ASH12572,Smallmouth Bass,Native,8
ASH12591,Spottail Shiner,Native,8
ASH12599,Trout-perch,Native,8
ASH12605,Yellow Perch,Native,8
ASH12636,Black Crappie,Native,8
ASH12643,Pumpkinseed,Native,8
ASH12648,White Sucker,Native,8
ASH12651,Rainbow Smelt,Non-Native,8
ASH12651,White Sucker,Native,8
ASH12652,Ruffe,Non-Native,8
ASH12653,Golden Shiner,Native,8
ASH12673,Bluegill,Native,8
ASH12674,Brook Silverside,Non-Native,8
ASH12887,Carps and Minnows,,8
ASH12904,Trout-perch,Native,8
ASH12910,Tadpole Madtom,Native,8
ASH12925,Trout-perch,Native,8
ASH12933,Spottail Shiner,Native,8
ASH12934,Spottail Shiner,Native,8
ASH12941,Northern Pike,Native,8
ASH12949,Yellow Perch,Native,8
ASH12950,Yellow Perch,Native,8
ASH12952,Round Goby,Non-Native,8
ASH12968,White Perch,Non-Native,8
ASH12968,Emerald Shiner,Native,8
ASH12975,Spottail Shiner,Native,8
ASH12986,Trout-perch,Native,8
ASH12993,Trout-perch,Native,8
ASH13001,Golden Shiner,Native,8
ASH13001,Yellow Perch,Native,8
ASH13003,Channel Catfish,Native,8
ASH13031,Trout-perch,Native,8
ASH11705,Pumpkinseed,Native,9
ASH11705,Black Crappie,Native,9
ASH11961,Black Crappie,Native,9
ASH11965,Spottail Shiner,Native,9
ASH11967,Sunfishes,,9
ASH11968,Black Crappie,Native,9
ASH11972,Yellow Perch,Native,9
ASH12023,Sunfishes,,9
ASH12049,Emerald Shiner,Native,9
ASH12050,Black Crappie,Native,9
ASH12067,Trout-perch,Native,9
ASH12092,Black Crappie,Native,9
ASH12114,Spottail Shiner,Native,9
ASH12139,Yellow Perch,Native,9
ASH12146,Rainbow Smelt,Non-Native,9
ASH12158,Spottail Shiner,Native,9
ASH12159,Trout-perch,Native,9
ASH12161,Channel Catfish,Native,9
ASH12163,Yellow Perch,Native,9
ASH12579,Golden Shiner,Native,9
ASH12613,Black Crappie,Native,9
ASH12638,Yellow Perch,Native,9
ASH12643,Bluegill,Native,9
ASH12648,Black Crappie,Native,9
ASH12648,Tubenose Goby,Non-Native,9
ASH12649,Rock Bass,Native,9
ASH12652,Yellow Perch,Native,9
ASH12654,Tadpole Madtom,Native,9
ASH12888,Rainbow Smelt,Non-Native,9
ASH12888,Trout-perch,Native,9
ASH12908,Spottail Shiner,Native,9
ASH12909,Johnny Darter,Native,9
ASH12926,Channel Catfish,Native,9
ASH12932,Black Crappie,Native,9
ASH12935,Ruffe,Non-Native,9
ASH12939,Trout-perch,Native,9
ASH12940,Freshwater Drum,Non-Native,9
ASH12943,Trout-perch,Native,9
ASH12957,Round Goby,Non-Native,9
ASH12963,Ruffe,Non-Native,9
ASH12966,Rainbow Smelt,Non-Native,9
ASH12967,Round Goby,Non-Native,9
ASH12969,Black Crappie,Native,9
ASH12970,Trout-perch,Native,9
ASH12973,Spottail Shiner,Native,9
ASH12976,Bluegill,Native,9
ASH12977,Freshwater Drum,Non-Native,9
ASH12983,Rock Bass,Native,9
ASH12989,Yellow Perch,Native,9
ASH12991,Black Crappie,Native,9
ASH13000,Bluegill,Native,9
ASH13003,Freshwater Drum,Non-Native,9
ASH13031,Silver Redhorse,Native,9
ASH11685,Emerald Shiner,Native,10
ASH11961,Tadpole Madtom,Native,10
ASH11961,Trout-perch,Native,10
ASH11971,Yellow Perch,Native,10
ASH11978,Spottail Shiner,Native,10
ASH12008,Sunfishes,,10
ASH12013,Trout-perch,Native,10
ASH12023,Trout-perch,Native,10
ASH12066,Walleye,Native,10
ASH12079,Freshwater Drum,Non-Native,10
ASH12080,Freshwater Drum,Non-Native,10
ASH12100,Rainbow Smelt,Non-Native,10
ASH12101,Freshwater Drum,Non-Native,10
ASH12102,Rainbow Smelt,Non-Native,10
ASH12106,Channel Catfish,Native,10
ASH12115,Walleye,Native,10
ASH12153,Trout-perch,Native,10
ASH12155,Yellow Perch,Native,10
ASH12162,Yellow Perch,Native,10
ASH12560,Emerald Shiner,Native,10
ASH12561,Trout-perch,Native,10
ASH12571,Rock Bass,Native,10
ASH12591,Trout-perch,Native,10
ASH12597,Spottail Shiner,Native,10
ASH12641,Black Crappie,Native,10
ASH12641,Sunfishes,,10
ASH12647,Sunfishes,,10
ASH12650,Round Goby,Non-Native,10
ASH12651,Black Crappie,Native,10
ASH12652,White Perch,Non-Native,10
ASH12653,White Perch,Non-Native,10
ASH12653,Yellow Perch,Native,10
ASH12655,Tadpole Madtom,Native,10
ASH12655,Emerald Shiner,Native,10
ASH12670,Largemouth Bass,Native,10
ASH12673,Black Crappie,Native,10
ASH12673,Yellow Perch,Native,10
ASH12674,Sunfishes,,10
ASH12885,Ruffe,Non-Native,10
ASH12905,Trout-perch,Native,10
ASH12939,Yellow Perch,Native,10
ASH12948,Spottail Shiner,Native,10
ASH12951,Emerald Shiner,Native,10
ASH12966,Walleye,Native,10
ASH12966,Ruffe,Non-Native,10
ASH12973,Round Goby,Non-Native,10
ASH13000,Golden Shiner,Native,10
ASH11711,Black Crappie,Native,11
ASH11719,Spottail Shiner,Native,11
ASH11970,Logperch,Native,11
ASH11999,Spottail Shiner,Native,11
ASH12029,Black Crappie,Native,11
ASH12049,Trout-perch,Native,11
ASH12097,Ruffe,Non-Native,11
ASH12140,Yellow Perch,Native,11
ASH12145,Rainbow Smelt,Non-Native,11
ASH12152,Bluegill,Native,11
ASH12154,Yellow Perch,Native,11
ASH12160,Emerald Shiner,Native,11
ASH12164,Round Goby,Non-Native,11
ASH12559,Spottail Shiner,Native,11
ASH12585,Emerald Shiner,Native,11
ASH12604,Smallmouth Bass,Native,11
ASH12609,Yellow Perch,Native,11
ASH12623,Yellow Perch,Native,11
ASH12636,Sunfishes,,11
ASH12649,Johnny Darter,Native,11
ASH12652,Rainbow Smelt,Non-Native,11
ASH12673,Pumpkinseed,Native,11
ASH12901,Ruffe,Non-Native,11
ASH12932,White Perch,Non-Native,11
ASH12948,Emerald Shiner,Native,11
ASH12951,White Perch,Non-Native,11
ASH12962,Spottail Shiner,Native,11
ASH12969,Rainbow Smelt,Non-Native,11
ASH12981,Freshwater Drum,Non-Native,11
ASH11994,Yellow Perch,Native,12
ASH12070,Spottail Shiner,Native,12
ASH12092,Spottail Shiner,Native,12
ASH12103,Rainbow Smelt,Non-Native,12
ASH12104,Channel Catfish,Native,12
ASH12110,Trout-perch,Native,12
ASH12118,Ruffe,Non-Native,12
ASH12145,Emerald Shiner,Native,12
ASH12559,Trout-perch,Native,12
ASH12611,Black Crappie,Native,12
ASH12640,Tubenose Goby,Non-Native,12
ASH12648,Emerald Shiner,Native,12
ASH12652,Spottail Shiner,Native,12
ASH12885,Trout-perch,Native,12
ASH12950,Spottail Shiner,Native,12
ASH12973,White Perch,Non-Native,12
ASH12980,Freshwater Drum,Non-Native,12
ASH12982,Ruffe,Non-Native,12
ASH13000,Emerald Shiner,Native,12
ASH12021,White Sucker,Native,13
ASH12057,Trout-perch,Native,13
ASH12063,Rainbow Smelt,Non-Native,13
ASH12092,Emerald Shiner,Native,13
ASH12112,Spottail Shiner,Native,13
ASH12115,Round Goby,Non-Native,13
ASH12117,Ruffe,Non-Native,13
ASH12124,Trout-perch,Native,13
ASH12149,Round Goby,Non-Native,13
ASH12152,Spottail Shiner,Native,13
ASH12159,Spottail Shiner,Native,13
ASH12161,Rainbow Smelt,Non-Native,13
ASH12161,Yellow Perch,Native,13
ASH12262,Trout-perch,Native,13
ASH12563,Emerald Shiner,Native,13
ASH12611,Yellow Perch,Native,13
ASH12618,Yellow Perch,Native,13
ASH12621,Yellow Perch,Native,13
ASH12638,Ruffe,Non-Native,13
ASH12649,Sunfishes,,13
ASH12652,Tadpole Madtom,Native,13
ASH12659,Black Crappie,Native,13
ASH12947,Rock Bass,Native,13
ASH12961,Channel Catfish,Native,13
ASH12970,Spottail Shiner,Native,13
ASH12970,Ruffe,Non-Native,13
ASH12976,Spottail Shiner,Native,13
ASH12989,White Perch,Non-Native,13
ASH11711,White Perch,Non-Native,14
ASH12024,Black Crappie,Native,14
ASH12077,Spottail Shiner,Native,14
ASH12078,Spottail Shiner,Native,14
ASH12078,Johnny Darter,Native,14
ASH12099,Emerald Shiner,Native,14
ASH12127,Ruffe,Non-Native,14
ASH12139,Trout-perch,Native,14
ASH12165,Yellow Perch,Native,14
ASH12562,Yellow Perch,Native,14
ASH12572,Rock Bass,Native,14
ASH12600,Black Crappie,Native,14
ASH12651,White Perch,Non-Native,14
ASH12651,Round Goby,Non-Native,14
ASH12919,Trout-perch,Native,14
ASH12925,Black Crappie,Native,14
ASH12954,Emerald Shiner,Native,14
ASH12980,Trout-perch,Native,14
ASH12989,Johnny Darter,Native,14
ASH11715,Emerald Shiner,Native,15
ASH11715,Spottail Shiner,Native,15
ASH11722,Spottail Shiner,Native,15
ASH11961,Spottail Shiner,Native,15
ASH11963,Tadpole Madtom,Native,15
ASH11969,Black Crappie,Native,15
ASH12010,Black Crappie,Native,15
ASH12066,Ruffe,Non-Native,15
ASH12070,Rainbow Smelt,Non-Native,15
ASH12087,Freshwater Drum,Non-Native,15
ASH12109,Trout-perch,Native,15
ASH12116,Walleye,Native,15
ASH12158,Round Goby,Non-Native,15
ASH12163,Round Goby,Non-Native,15
ASH12561,Spottail Shiner,Native,15
ASH12568,White Bass,Non-Native,15
ASH12597,Yellow Perch,Native,15
ASH12614,Spottail Shiner,Native,15
ASH12622,Yellow Perch,Native,15
ASH12644,Yellow Perch,Native,15
ASH12652,Black Bullhead,Native,15
ASH12655,Yellow Perch,Native,15
ASH12898,Trout-perch,Native,15
ASH12907,Trout-perch,Native,15
ASH12924,Trout-perch,Native,15
ASH12948,White Perch,Non-Native,15
ASH12963,Black Crappie,Native,15
ASH12966,Spottail Shiner,Native,15
ASH12985,Trout-perch,Native,15
ASH12021,Emerald Shiner,Native,16
ASH12075,Emerald Shiner,Native,16
ASH12111,Tadpole Madtom,Native,16
ASH12132,Trout-perch,Native,16
ASH12157,Rainbow Smelt,Non-Native,16
ASH12562,Ruffe,Non-Native,16
ASH12608,Yellow Perch,Native,16
ASH12957,Spottail Shiner,Native,16
ASH12974,Trout-perch,Native,16
ASH12982,Channel Catfish,Native,16
ASH13002,Ruffe,Non-Native,16
ASH11970,Brown Bullhead,Native,17
ASH12021,Tadpole Madtom,Native,17
ASH12023,White Perch,Non-Native,17
ASH12052,Trout-perch,Native,17
ASH12056,Trout-perch,Native,17
ASH12062,Trout-perch,Native,17
ASH12101,Channel Catfish,Native,17
ASH12131,Trout-perch,Native,17
ASH12137,Trout-perch,Native,17
ASH12140,Trout-perch,Native,17
ASH12141,Trout-perch,Native,17
ASH12153,Round Goby,Non-Native,17
ASH12163,Freshwater Drum,Non-Native,17
ASH12165,Round Goby,Non-Native,17
ASH12568,Black Crappie,Native,17
ASH12632,Emerald Shiner,Native,17
ASH12882,Trout-perch,Native,17
ASH12886,Ruffe,Non-Native,17
ASH12947,Logperch,Native,17
ASH12955,Spottail Shiner,Native,17
ASH12962,Yellow Perch,Native,17
ASH12967,Emerald Shiner,Native,17
ASH12977,Ruffe,Non-Native,17
ASH12987,Bluegill,Native,17
ASH12997,Channel Catfish,Native,17
ASH11975,Yellow Perch,Native,18
ASH12015,Yellow Perch,Native,18
ASH12096,Yellow Perch,Native,18
ASH12098,Rainbow Smelt,Non-Native,18
ASH12133,Trout-perch,Native,18
ASH12146,Emerald Shiner,Native,18
ASH12149,Rainbow Smelt,Non-Native,18
ASH12154,Round Goby,Non-Native,18
ASH12162,Freshwater Drum,Non-Native,18
ASH12607,Spottail Shiner,Native,18
ASH12609,Bluegill,Native,18
ASH12653,Trout-perch,Native,18
ASH12892,Trout-perch,Native,18
ASH12939,Spottail Shiner,Native,18
ASH12942,Spottail Shiner,Native,18
ASH12951,Spottail Shiner,Native,18
ASH12960,Rainbow Smelt,Non-Native,18
ASH12968,Round Goby,Non-Native,18
ASH12982,Freshwater Drum,Non-Native,18
ASH11712,Black Crappie,Native,19
ASH11962,Johnny Darter,Native,19
ASH12116,Rainbow Smelt,Non-Native,19
ASH12166,Trout-perch,Native,19
ASH12568,White Perch,Non-Native,19
ASH12568,Ruffe,Non-Native,19
ASH12992,Trout-perch,Native,19
ASH11959,Spottail Shiner,Native,20
ASH11960,Trout-perch,Native,20
ASH12023,Emerald Shiner,Native,20
ASH12080,Rainbow Smelt,Non-Native,20
ASH12105,Rainbow Smelt,Non-Native,20
ASH12125,Channel Catfish,Native,20
ASH12647,Spottail Shiner,Native,20
ASH12923,Trout-perch,Native,20
ASH12950,White Perch,Non-Native,20
ASH13031,Johnny Darter,Native,20
ASH12020,Yellow Perch,Native,21
ASH12068,Trout-perch,Native,21
ASH12096,Rainbow Smelt,Non-Native,21
ASH12102,Spottail Shiner,Native,21
ASH12125,Trout-perch,Native,21
ASH12166,Rainbow Smelt,Non-Native,21
ASH12564,Spottail Shiner,Native,21
ASH12646,Trout-perch,Native,21
ASH12647,Round Goby,Non-Native,21
ASH12931,White Perch,Non-Native,21
ASH12962,Ruffe,Non-Native,21
ASH12967,White Perch,Non-Native,21
ASH13031,Emerald Shiner,Native,21
ASH11975,Spottail Shiner,Native,22
ASH12092,Rainbow Smelt,Non-Native,22
ASH12161,Freshwater Drum,Non-Native,22
ASH12560,Trout-perch,Native,22
ASH12899,Ruffe,Non-Native,22
ASH12931,Spottail Shiner,Native,22
ASH12963,Trout-perch,Native,22
ASH13030,Trout-perch,Native,22
ASH11973,Mimic Shiner,Native,23
ASH12063,Emerald Shiner,Native,23
ASH12075,Ruffe,Non-Native,23
ASH12139,Bluegill,Native,23
ASH12151,Trout-perch,Native,23
ASH12160,Rainbow Smelt,Non-Native,23
ASH12561,Emerald Shiner,Native,23
ASH12891,Spottail Shiner,Native,23
ASH12938,Spottail Shiner,Native,23
ASH12955,Emerald Shiner,Native,23
ASH12962,White Perch,Non-Native,23
ASH12963,Spottail Shiner,Native,23
ASH12984,Trout-perch,Native,23
ASH13000,Yellow Perch,Native,23
ASH13031,Spottail Shiner,Native,23
ASH12023,Mimic Shiner,Native,24
ASH12046,Trout-perch,Native,24
ASH12076,Trout-perch,Native,24
ASH12096,Spottail Shiner,Native,24
ASH12097,Spottail Shiner,Native,24
ASH12099,Rainbow Smelt,Non-Native,24
ASH12120,Yellow Perch,Native,24
ASH12138,Trout-perch,Native,24
ASH12144,Trout-perch,Native,24
ASH12155,Ruffe,Non-Native,24
ASH12158,Ruffe,Non-Native,24
ASH12600,Round Goby,Non-Native,24
ASH12607,Yellow Perch,Native,24
ASH12947,Tubenose Goby,Non-Native,24
ASH11969,Yellow Perch,Native,25
ASH12087,Rainbow Smelt,Non-Native,25
ASH12101,Trout-perch,Native,25
ASH12116,Spottail Shiner,Native,25
ASH12130,Trout-perch,Native,25
ASH12136,Channel Catfish,Native,25
ASH12604,Black Crappie,Native,25
ASH12655,Black Crappie,Native,25
ASH12949,Emerald Shiner,Native,25
ASH11969,Spottail Shiner,Native,26
ASH12095,Trout-perch,Native,26
ASH12103,Ruffe,Non-Native,26
ASH12120,Spottail Shiner,Native,26
ASH12152,Emerald Shiner,Native,26
ASH12162,Trout-perch,Native,26
ASH12638,White Perch,Non-Native,26
ASH12884,Trout-perch,Native,26
ASH12941,Yellow Perch,Native,26
ASH12984,Channel Catfish,Native,26
ASH11966,Black Crappie,Native,27
ASH12093,Ruffe,Non-Native,27
ASH12101,Ruffe,Non-Native,27
ASH12143,Channel Catfish,Native,27
ASH12155,Round Goby,Non-Native,27
ASH12160,Ruffe,Non-Native,27
ASH12161,Trout-perch,Native,27
ASH12562,Trout-perch,Native,27
ASH12602,Spottail Shiner,Native,27
ASH12604,Sunfishes,,27
ASH12654,White Perch,Non-Native,27
ASH12936,Spottail Shiner,Native,27
ASH12969,White Perch,Non-Native,27
ASH13002,Trout-perch,Native,28
ASH12055,Trout-perch,Native,29
ASH12069,Spottail Shiner,Native,29
ASH12074,Trout-perch,Native,29
ASH12102,Trout-perch,Native,29
ASH12150,Rainbow Smelt,Non-Native,29
ASH12911,Trout-perch,Native,29
ASH12928,Black Crappie,Native,29
ASH12951,Bluegill,Native,29
ASH12967,Spottail Shiner,Native,29
ASH13028,Spottail Shiner,Native,29
ASH11960,Spottail Shiner,Native,30
ASH12021,Black Crappie,Native,30
ASH12147,Rainbow Smelt,Non-Native,30
ASH12562,Spottail Shiner,Native,30
ASH12638,Trout-perch,Native,30
ASH12650,Sunfishes,,30
ASH12998,Channel Catfish,Native,30
ASH12128,Yellow Perch,Native,31
ASH12157,Trout-perch,Native,31
ASH12620,Yellow Perch,Native,31
ASH12644,Pumpkinseed,Native,31
ASH12989,Black Crappie,Native,31
ASH13003,Ruffe,Non-Native,31
ASH12015,Black Crappie,Native,32
ASH12103,Trout-perch,Native,32
ASH12115,Spottail Shiner,Native,32
ASH12154,Ruffe,Non-Native,32
ASH12886,Trout-perch,Native,32
ASH12937,Black Crappie,Native,32
ASH13001,Black Crappie,Native,32
ASH11972,Mimic Shiner,Native,33
ASH12108,Trout-perch,Native,33
ASH12563,Trout-perch,Native,33
ASH12644,Golden Shiner,Native,33
ASH12944,Channel Catfish,Native,33
ASH12965,Spottail Shiner,Native,33
ASH12011,Black Crappie,Native,34
ASH12064,Trout-perch,Native,34
ASH12960,Trout-perch,Native,34
ASH12077,Emerald Shiner,Native,35
ASH12598,Spottail Shiner,Native,35
ASH12600,Sunfishes,,35
ASH12945,Emerald Shiner,Native,35
ASH12020,Trout-perch,Native,36
ASH12106,Trout-perch,Native,36
ASH12642,Sunfishes,,36
ASH12952,Spottail Shiner,Native,36
ASH12961,Trout-perch,Native,36
ASH12982,Trout-perch,Native,36
ASH12989,Ruffe,Non-Native,36
ASH11970,Yellow Perch,Native,37
ASH12116,Trout-perch,Native,37
ASH12152,Trout-perch,Native,37
ASH12989,Trout-perch,Native,37
ASH12164,Trout-perch,Native,38
ASH12599,Sunfishes,,38
ASH12932,Spottail Shiner,Native,38
ASH11711,Spottail Shiner,Native,39
ASH12097,Rainbow Smelt,Non-Native,39
ASH12099,Spottail Shiner,Native,39
ASH12160,Trout-perch,Native,39
ASH12563,Spottail Shiner,Native,39
ASH12949,White Perch,Non-Native,39
ASH12960,Spottail Shiner,Native,39
ASH12971,Trout-perch,Native,39
ASH12122,Black Crappie,Native,40
ASH12983,Ruffe,Non-Native,40
ASH11970,Spottail Shiner,Native,41
ASH12004,Sunfishes,,41
ASH12094,Trout-perch,Native,41
ASH12099,Yellow Perch,Native,41
ASH11972,Black Crappie,Native,42
ASH12148,Rainbow Smelt,Non-Native,42
ASH12610,Black Crappie,Native,42
ASH12927,Trout-perch,Native,42
ASH12073,Trout-perch,Native,43
ASH12113,Spottail Shiner,Native,43
ASH12118,Trout-perch,Native,43
ASH12163,Trout-perch,Native,43
ASH12947,Black Crappie,Native,43
ASH12963,White Perch,Non-Native,43
ASH12139,Black Crappie,Native,44
ASH12597,Sunfishes,,44
ASH12952,Emerald Shiner,Native,45
ASH11964,Yellow Perch,Native,46
ASH11965,Sunfishes,,46
ASH12024,Emerald Shiner,Native,46
ASH12938,Yellow Perch,Native,46
ASH12950,Emerald Shiner,Native,46
ASH12560,Spottail Shiner,Native,47
ASH12599,Spottail Shiner,Native,47
ASH12114,Trout-perch,Native,48
ASH12655,Golden Shiner,Native,48
ASH12909,Trout-perch,Native,48
ASH12063,Trout-perch,Native,49
ASH12645,Black Crappie,Native,49
ASH12108,Rainbow Smelt,Non-Native,50
ASH12113,Trout-perch,Native,50
ASH12115,Trout-perch,Native,50
ASH12612,Black Crappie,Native,50
ASH12922,Trout-perch,Native,50
ASH12967,Ruffe,Non-Native,50
ASH12977,Trout-perch,Native,50
ASH12112,Trout-perch,Native,52
ASH12654,Black Crappie,Native,52
ASH12891,Trout-perch,Native,52
ASH12928,Trout-perch,Native,52
ASH12638,Black Crappie,Native,54
ASH12092,Yellow Perch,Native,55
ASH12117,Trout-perch,Native,55
ASH12602,Logperch,Native,55
ASH12609,Black Crappie,Native,55
ASH12944,Trout-perch,Native,55
ASH12021,Yellow Perch,Native,56
ASH12079,Trout-perch,Native,56
ASH12093,Trout-perch,Native,56
ASH12643,Black Crappie,Native,56
ASH12883,Trout-perch,Native,56
ASH12023,Black Crappie,Native,58
ASH12899,Trout-perch,Native,58
ASH12945,Spottail Shiner,Native,58
ASH12561,Round Goby,Non-Native,61
ASH12890,Trout-perch,Native,61
ASH12965,Ruffe,Non-Native,61
ASH12090,Trout-perch,Native,62
ASH12947,Yellow Perch,Native,62
ASH12562,Round Goby,Non-Native,63
ASH12941,White Perch,Non-Native,63
ASH12956,Trout-perch,Native,63
ASH12063,Spottail Shiner,Native,65
ASH12108,Spottail Shiner,Native,65
ASH12941,Bluegill,Native,65
ASH12986,Bluegill,Native,65
ASH12104,Trout-perch,Native,66
ASH12959,Trout-perch,Native,66
ASH12097,Trout-perch,Native,68
ASH12948,Black Crappie,Native,68
ASH12652,Trout-perch,Native,69
ASH12098,Trout-perch,Native,71
ASH13028,Trout-perch,Native,72
ASH12599,Black Crappie,Native,73
ASH12615,Black Crappie,Native,74
ASH12653,Black Crappie,Native,74
ASH12938,Trout-perch,Native,74
ASH12119,Spottail Shiner,Native,75
ASH12061,Emerald Shiner,Native,77
ASH12155,Trout-perch,Native,83
ASH11963,Sunfishes,,84
ASH12020,Sunfishes,,85
ASH12968,Trout-perch,Native,85
ASH13031,Sunfishes,,85
ASH12092,Trout-perch,Native,86
ASH12613,Sunfishes,,86
ASH12973,Trout-perch,Native,86
ASH13000,Black Crappie,Native,86
ASH11966,Sunfishes,,87
ASH12111,Trout-perch,Native,87
ASH12887,Trout-perch,Native,87
ASH12119,Yellow Perch,Native,89
ASH12152,Rainbow Smelt,Non-Native,90
ASH12158,Emerald Shiner,Native,91
ASH12087,Trout-perch,Native,92
ASH12986,Black Crappie,Native,92
ASH12608,Black Crappie,Native,94
ASH12940,Channel Catfish,Native,94
ASH11969,Mimic Shiner,Native,96
ASH12122,Spottail Shiner,Native,96
ASH12607,Sunfishes,,96
ASH12075,Trout-perch,Native,98
ASH11974,Sunfishes,,100
ASH12158,Trout-perch,Native,100
ASH12947,Bluegill,Native,100
ASH12949,Spottail Shiner,Native,101
ASH12969,Trout-perch,Native,102
ASH12023,Yellow Perch,Native,103
ASH12929,Trout-perch,Native,105
ASH12100,Trout-perch,Native,107
ASH12070,Trout-perch,Native,110
ASH12606,Black Crappie,Native,113
ASH11973,Spottail Shiner,Native,115
ASH12154,Trout-perch,Native,115
ASH11971,Black Crappie,Native,117
ASH13003,Trout-perch,Native,121
ASH12935,Trout-perch,Native,123
ASH12165,Ruffe,Non-Native,126
ASH11968,Sunfishes,,127
ASH12924,Black Crappie,Native,127
ASH12603,Sunfishes,,129
ASH12889,Rainbow Smelt,Non-Native,129
ASH12652,Black Crappie,Native,130
ASH12646,Sunfishes,,133
ASH12940,Trout-perch,Native,133
ASH12069,Trout-perch,Native,134
ASH12099,Trout-perch,Native,135
ASH12962,Black Crappie,Native,135
ASH12926,Trout-perch,Native,139
ASH12962,Trout-perch,Native,139
ASH12614,Black Crappie,Native,140
ASH12080,Trout-perch,Native,142
ASH12966,Trout-perch,Native,144
ASH12024,Rainbow Smelt,Non-Native,145
ASH12947,White Perch,Non-Native,145
ASH12111,Channel Catfish,Native,152
ASH12909,Spottail Shiner,Native,155
ASH12151,Rainbow Smelt,Non-Native,158
ASH12096,Trout-perch,Native,160
ASH11962,Black Crappie,Native,161
ASH12643,Yellow Perch,Native,162
ASH12605,Black Crappie,Native,174
ASH12931,Black Crappie,Native,174
ASH12927,Freshwater Drum,Non-Native,177
ASH11963,Black Crappie,Native,182
ASH12957,Trout-perch,Native,182
ASH12941,Spottail Shiner,Native,190
ASH12165,Trout-perch,Native,199
ASH12927,Channel Catfish,Native,208
ASH11964,Sunfishes,,210
ASH12090,Rainbow Smelt,Non-Native,216
ASH12598,Sunfishes,,216
ASH12645,Sunfishes,,220
ASH12968,Spottail Shiner,Native,222
ASH12607,Black Crappie,Native,231
ASH12651,Sunfishes,,234
ASH12005,Sunfishes,,259
ASH12967,Trout-perch,Native,259
ASH11970,Black Crappie,Native,261
ASH12968,Rainbow Smelt,Non-Native,262
ASH12942,Black Crappie,Native,284
ASH12965,Trout-perch,Native,287
ASH12612,Sunfishes,,292
ASH11962,Sunfishes,,298
ASH12601,Round Goby,Non-Native,300
ASH12614,Sunfishes,,306
ASH12949,Bluegill,Native,328
ASH12644,Black Crappie,Native,355
ASH12941,Black Crappie,Native,360
ASH12611,Sunfishes,,389
ASH12948,Bluegill,Native,407
ASH12976,Mimic Shiner,Native,409
ASH12651,Spottail Shiner,Native,424
ASH12949,Black Crappie,Native,436
ASH11970,Sunfishes,,450
ASH12643,Sunfishes,,454
ASH12615,Sunfishes,,474
ASH12983,Trout-perch,Native,522
ASH12950,Black Crappie,Native,567
ASH12158,Rainbow Smelt,Non-Native,606
ASH13031,Black Crappie,Native,674
ASH12648,Sunfishes,,722
ASH12987,Black Crappie,Native,800
ASH12936,Black Crappie,Native,853
ASH12597,Black Crappie,Native,925
ASH12951,Black Crappie,Native,988
ASH12598,Black Crappie,Native,1019
ASH12983,Black Crappie,Native,1339
ASH12644,Sunfishes,,1501
ASH12605,Sunfishes,,1785
ASH12606,Sunfishes,,1823
ASH12609,Sunfishes,,1971
ASH12608,Sunfishes,,2424
ASH12935,Black Crappie,Native,2479
ASH12938,Black Crappie,Native,5289
ASH12939,Black Crappie,Native,5550
ASH12610,Sunfishes,,7763
