"SampDate","SpName","TagNo","TL_mm","WT_g","Sex_MFU"
1993-10-01,"Atlantic Salmon","4224","571",NA,"U"
1993-10-01,"Atlantic Salmon","4225","565",NA,"U"
1993-10-01,"Atlantic Salmon","4223","520",NA,"U"
1993-10-01,"Atlantic Salmon","4221","531",NA,"U"
1993-10-01,"Atlantic Salmon","4226","478",NA,"U"
1993-10-01,"Atlantic Salmon","4222","640",NA,"U"
1993-10-04,"Atlantic Salmon","4229","554",NA,"U"
1993-10-04,"Atlantic Salmon","4227","542",NA,"U"
1993-10-04,"Atlantic Salmon","4228","517",NA,"U"
1993-10-04,"Atlantic Salmon","4235","578",NA,"U"
1993-10-04,"Atlantic Salmon","4234","536",NA,"U"
1993-10-04,"Atlantic Salmon","4230","495",NA,"U"
1993-10-04,"Atlantic Salmon","4233","520",NA,"U"
1993-10-04,"Atlantic Salmon","4236","483",NA,"U"
1993-10-04,"Atlantic Salmon","4231","518",NA,"U"
1993-10-04,"Atlantic Salmon","4237","545",NA,"U"
1993-10-06,"Atlantic Salmon","4244","595",NA,"U"
1993-10-06,"Atlantic Salmon","4247","523",NA,"U"
1993-10-06,"Atlantic Salmon","4242","561",NA,"U"
1993-10-06,"Atlantic Salmon","4246","558",NA,"U"
1993-10-06,"Atlantic Salmon","4245","499",NA,"U"
1993-10-06,"Atlantic Salmon","4238","572",NA,"U"
1993-10-06,"Atlantic Salmon","4240","564",NA,"U"
1993-10-06,"Atlantic Salmon","4243","580",NA,"U"
1993-10-06,"Atlantic Salmon","4239","665",NA,"U"
1993-10-06,"Atlantic Salmon","4249",NA,NA,"U"
1993-10-08,"Atlantic Salmon","4253","546",NA,"U"
1993-10-08,"Atlantic Salmon","4250","531",NA,"U"
1993-10-08,"Atlantic Salmon","4252","509",NA,"U"
1993-10-08,"Atlantic Salmon","4251","530",NA,"U"
1993-10-11,"Atlantic Salmon","4254","540",NA,"U"
1993-10-11,"Atlantic Salmon","4258","475",NA,"U"
1993-10-11,"Atlantic Salmon","4255","555",NA,"U"
1993-10-11,"Atlantic Salmon","4256","550",NA,"U"
1993-10-11,"Atlantic Salmon","4261","535",NA,"U"
1993-10-11,"Atlantic Salmon","4257","585",NA,"U"
1993-10-20,"Atlantic Salmon","4263","566",NA,"U"
1995-09-22,"Atlantic Salmon","A484","545","650","U"
1995-09-22,"Atlantic Salmon","A483","598","900","U"
1995-09-22,"Atlantic Salmon","A482","668","2800","U"
1995-09-22,"Atlantic Salmon","A481","468","1150","U"
1995-09-22,"Atlantic Salmon","A480","580","1400","U"
1995-09-22,"Atlantic Salmon","A969","513","1200","U"
1995-09-22,"Atlantic Salmon","A970","557","1800","U"
1995-10-11,"Atlantic Salmon","8971","543","1400","U"
1995-10-11,"Atlantic Salmon","8972","558","1580","U"
1995-10-16,"Atlantic Salmon","","587",NA,"U"
1995-10-16,"Atlantic Salmon","","521",NA,"U"
1995-10-20,"Atlantic Salmon","A973","591","1500","U"
1996-10-10,"Atlantic Salmon","A387","540","1300","U"
1996-10-10,"Atlantic Salmon","A388","485","900","U"
1996-10-10,"Atlantic Salmon","A389","565","1450","U"
1996-10-14,"Atlantic Salmon","A390","535","1400","U"
1996-10-14,"Atlantic Salmon","A391","480","1180","U"
1996-10-14,"Atlantic Salmon","A392","721","3400","U"
1996-10-14,"Atlantic Salmon","A393","499","1350","U"
1996-10-14,"Atlantic Salmon","A394","463","850","U"
1996-10-14,"Atlantic Salmon","A395","474","900","U"
1996-10-14,"Atlantic Salmon","A396","531","1550","U"
1996-10-20,"Atlantic Salmon","A027","540",NA,"U"
1997-09-17,"Atlantic Salmon","295","485","1200","U"
1997-09-17,"Atlantic Salmon","296","513","1400","U"
1997-09-17,"Atlantic Salmon","297","478","1000","U"
1997-09-17,"Atlantic Salmon","298","485","1100","U"
1997-09-17,"Atlantic Salmon","299","475","1200","U"
1997-09-17,"Atlantic Salmon","300","494","1200","U"
1997-09-22,"Atlantic Salmon","A091","515","1300","U"
1997-09-22,"Atlantic Salmon","A092","513","1000","U"
1997-09-22,"Atlantic Salmon","A093","459","1000","U"
1997-09-22,"Atlantic Salmon","","499",NA,"U"
1997-09-22,"Atlantic Salmon","","505",NA,"U"
1997-09-26,"Atlantic Salmon","A094","494","1200","U"
1997-09-29,"Atlantic Salmon","A095","535","1500","U"
1997-09-29,"Atlantic Salmon","A096","545","1600","U"
1997-09-29,"Atlantic Salmon","A097","478","1250","U"
1997-10-01,"Atlantic Salmon","A098","550","1700","U"
1997-10-01,"Atlantic Salmon","A099","520","1450","U"
1997-10-01,"Atlantic Salmon","A651","560","1800","U"
1997-10-01,"Atlantic Salmon","A652","490","1200","U"
1997-10-01,"Atlantic Salmon","A653","545","1500","U"
1997-10-01,"Atlantic Salmon","A654","496","1150","U"
1997-10-01,"Atlantic Salmon","A655","528","1400","U"
1997-10-01,"Atlantic Salmon","A656","514","1250","U"
1997-10-01,"Atlantic Salmon","A657","570","1850","U"
1997-10-01,"Atlantic Salmon","A658","492","1100","U"
1997-10-01,"Atlantic Salmon","A659","520","1500","U"
1997-10-03,"Atlantic Salmon","A660","561","1700","U"
1997-10-03,"Atlantic Salmon","A661","526","1400","U"
1997-10-06,"Atlantic Salmon","A663","567","1850","U"
1997-10-06,"Atlantic Salmon","A664","517","1550","U"
1997-10-06,"Atlantic Salmon","A665","509","1150","U"
1997-10-06,"Atlantic Salmon","A666","497","1200","U"
1997-10-06,"Atlantic Salmon","A667","543","1400","U"
1997-10-06,"Atlantic Salmon","A668","550","1750","U"
1997-10-06,"Atlantic Salmon","A670","467","950","U"
1997-10-06,"Atlantic Salmon","A671","531","1400","U"
1997-10-06,"Atlantic Salmon","A672","510","1450","U"
1997-10-06,"Atlantic Salmon","A674","511","1500","U"
1997-10-06,"Atlantic Salmon","A675","521","1700","U"
1997-10-06,"Atlantic Salmon","A676","505","1400","U"
1997-10-06,"Atlantic Salmon","A677","537","1600","U"
1997-10-08,"Atlantic Salmon","A678","550","1500","U"
1997-10-08,"Atlantic Salmon","A679","501","1000","U"
1997-10-08,"Atlantic Salmon","A680","502","1500","U"
1997-10-08,"Atlantic Salmon","A681","515","1200","U"
1997-10-08,"Atlantic Salmon","A682","502","1400","U"
1997-10-08,"Atlantic Salmon","A683","470","1000","U"
1997-10-08,"Atlantic Salmon","A684","545","1600","U"
1997-10-08,"Atlantic Salmon","A685","516","1600","U"
1997-10-08,"Atlantic Salmon","A686","530","1500","U"
1997-10-08,"Atlantic Salmon","A687","530","1300","U"
1997-10-08,"Atlantic Salmon","A688","517","1500","U"
1997-10-10,"Atlantic Salmon","A689","485","1120","U"
1997-10-10,"Atlantic Salmon","A690","551","1370","U"
1997-10-10,"Atlantic Salmon","A691","546","1300","U"
1997-10-10,"Atlantic Salmon","A692","538","1260","U"
1997-10-10,"Atlantic Salmon","A693","487","840","U"
1997-10-10,"Atlantic Salmon","A694","538","1280","U"
1997-10-10,"Atlantic Salmon","A696","549","1140","U"
1997-10-10,"Atlantic Salmon","A697","564","1350","U"
1997-10-10,"Atlantic Salmon","A698","552","1150","U"
1997-10-10,"Atlantic Salmon","A699","512","850","U"
1997-10-10,"Atlantic Salmon","A700","507","1300","U"
1997-10-10,"Atlantic Salmon","A399","496","1120","U"
1997-10-10,"Atlantic Salmon","A400","490","1100","U"
1997-10-10,"Atlantic Salmon","A974","495","900","U"
1997-10-10,"Atlantic Salmon","A975","545","1600","U"
1997-10-10,"Atlantic Salmon","A702","575","1940","U"
1997-10-10,"Atlantic Salmon","A703","520","1300","U"
1997-10-10,"Atlantic Salmon","A704","516","1400","U"
1997-10-10,"Atlantic Salmon","A706","535","1450","U"
1997-10-10,"Atlantic Salmon","A707","488","900","U"
1997-10-10,"Atlantic Salmon","A708","523","1400","U"
1997-10-10,"Atlantic Salmon","A709","556","1440","U"
1997-10-10,"Atlantic Salmon","A710","492","1120","U"
1997-10-10,"Atlantic Salmon","A712","507","1200","U"
1997-10-10,"Atlantic Salmon","A713","552","1400","U"
1997-10-10,"Atlantic Salmon","A714","519","1050","U"
1997-10-10,"Atlantic Salmon","A715","490","1300","U"
1997-10-13,"Atlantic Salmon","A716","548","1400","U"
1997-10-13,"Atlantic Salmon","A717","515","1350","U"
1997-10-13,"Atlantic Salmon","A718","483","900","U"
1997-10-13,"Atlantic Salmon","A719","520","1300","U"
1997-10-15,"Atlantic Salmon","D1504","514",NA,"U"
1997-10-15,"Atlantic Salmon","D1505","532",NA,"U"
1997-10-15,"Atlantic Salmon","D1506","487",NA,"U"
1997-10-15,"Atlantic Salmon","D1507","505",NA,"U"
1997-10-15,"Atlantic Salmon","D1508","525",NA,"U"
1997-10-15,"Atlantic Salmon","D1509","527",NA,"U"
1997-10-15,"Atlantic Salmon","D1510","527",NA,"U"
1997-10-15,"Atlantic Salmon","D1511","514",NA,"U"
1997-10-15,"Atlantic Salmon","D1512","516",NA,"U"
1997-10-15,"Atlantic Salmon","D1513","470",NA,"U"
1997-10-15,"Atlantic Salmon","D1514","518",NA,"U"
1997-10-15,"Atlantic Salmon","D1515","508",NA,"U"
1997-10-15,"Atlantic Salmon","D1516","532",NA,"U"
1997-10-15,"Atlantic Salmon","D1517","524",NA,"U"
1997-10-15,"Atlantic Salmon","D1518","485",NA,"U"
1997-10-15,"Atlantic Salmon","D1519","509",NA,"U"
1997-10-15,"Atlantic Salmon","D1520","500",NA,"U"
1997-10-15,"Atlantic Salmon","D1521","511",NA,"U"
1997-10-15,"Atlantic Salmon","A720","582","1700","U"
1997-10-17,"Atlantic Salmon","A721","545","1400","U"
1997-10-17,"Atlantic Salmon","A722","524","1250","U"
1997-10-20,"Atlantic Salmon","A724","528","1200","U"
1997-10-20,"Atlantic Salmon","A725","506","1100","U"
1997-10-20,"Atlantic Salmon","A726","552","1390","U"
1997-10-20,"Atlantic Salmon","A727","539","1320","U"
1997-10-21,"Atlantic Salmon","A729","537","1220","U"
1997-10-27,"Atlantic Salmon","D1612","490",NA,"U"
1997-10-27,"Atlantic Salmon","D1613","520",NA,"U"
1997-10-27,"Atlantic Salmon","D1614","512",NA,"U"
1997-10-27,"Atlantic Salmon","D1615","541",NA,"U"
1997-10-27,"Atlantic Salmon","D1616","540",NA,"U"
1997-10-27,"Atlantic Salmon","D1617","517",NA,"U"
1997-10-27,"Atlantic Salmon","D1618","512",NA,"U"
1997-10-27,"Atlantic Salmon","D1619","448",NA,"U"
1997-10-27,"Atlantic Salmon","D1620","530",NA,"U"
1997-10-27,"Atlantic Salmon","D1621","498",NA,"U"
1997-10-27,"Atlantic Salmon","D1622","500",NA,"U"
1997-10-27,"Atlantic Salmon","D1623","530",NA,"U"
1997-10-27,"Atlantic Salmon","D1624","523",NA,"U"
1997-10-27,"Atlantic Salmon","D1625","522",NA,"U"
1997-10-27,"Atlantic Salmon","D1632","526",NA,"U"
1997-10-29,"Atlantic Salmon","A730","520","1250","U"
1997-10-29,"Atlantic Salmon","A731","553","1300","U"
1997-11-03,"Atlantic Salmon","A732","550","1420","U"
1997-11-03,"Atlantic Salmon","A733","500","1100","U"
1997-11-03,"Atlantic Salmon","A734","541","1480","U"
1997-11-03,"Atlantic Salmon","A735","553","1750","U"
1997-11-03,"Atlantic Salmon","A736","518","1280","U"
1997-11-03,"Atlantic Salmon","A737","552","1420","U"
1997-11-03,"Atlantic Salmon","A738","484","1150","U"
1997-11-03,"Atlantic Salmon","A739","497","1000","U"
1997-11-03,"Atlantic Salmon","A740","560","1550","U"
1997-11-03,"Atlantic Salmon","A741","472","850","U"
1997-11-03,"Atlantic Salmon","A742","530","1150","U"
1997-11-03,"Atlantic Salmon","A743","537","1550","U"
1997-11-05,"Atlantic Salmon","A744","494","1100","U"
1997-11-05,"Atlantic Salmon","A745","490","1180","U"
1997-11-05,"Atlantic Salmon","A746","520","1400","U"
1997-11-05,"Atlantic Salmon","A747","548","1700","U"
1997-11-05,"Atlantic Salmon","A748","517","1250","U"
1997-11-05,"Atlantic Salmon","A749","510","1100","U"
1997-11-07,"Atlantic Salmon","A750","472","1100","U"
1998-09-21,"Atlantic Salmon","A901","559","1900","U"
1998-09-21,"Atlantic Salmon","A902","530","1600","U"
1998-09-21,"Atlantic Salmon","A904","540","1400","U"
1998-09-21,"Atlantic Salmon","A905","545","1800","U"
1998-09-21,"Atlantic Salmon","A906","592","2100","U"
1998-09-23,"Atlantic Salmon","A911","590","2150","U"
1998-09-25,"Atlantic Salmon","A915","528","1450","U"
1998-09-28,"Atlantic Salmon","A916","560","1900","U"
1998-10-01,"Atlantic Salmon","A917","558","1600","U"
1998-10-01,"Atlantic Salmon","A918","555","1800","U"
1998-10-01,"Atlantic Salmon","A919","525","1300","U"
1998-10-01,"Atlantic Salmon","A920","620","2300","U"
1998-10-01,"Atlantic Salmon","A921","558","2100","U"
1998-09-25,"Atlantic Salmon","A914","521","1200","U"
1998-10-01,"Atlantic Salmon","A922","519","1200","U"
1998-10-01,"Atlantic Salmon","A924","554","1900","U"
1998-10-01,"Atlantic Salmon","A928","542","1400","U"
1998-10-01,"Atlantic Salmon","A929","560","1800","U"
1998-10-01,"Atlantic Salmon","A930","486","1200","U"
1998-10-05,"Atlantic Salmon","A932","605","2200","U"
1998-10-05,"Atlantic Salmon","A933","585","1900","U"
1998-10-05,"Atlantic Salmon","A934","553","1750","U"
1998-10-07,"Atlantic Salmon","A935","562","1650","U"
1998-10-07,"Atlantic Salmon","A936","585","1900","U"
1998-10-07,"Atlantic Salmon","A937","537","1900","U"
1998-10-07,"Atlantic Salmon","A938","525","1550","U"
1998-10-07,"Atlantic Salmon","A939","540","1500","U"
1998-10-07,"Atlantic Salmon","A940","558","1750","U"
1998-10-07,"Atlantic Salmon","A941","572","1800","U"
1998-10-09,"Atlantic Salmon","A942","512","1450","U"
1998-10-09,"Atlantic Salmon","A943","580","2100","U"
1998-10-09,"Atlantic Salmon","A944","582","1950","U"
1998-10-09,"Atlantic Salmon","A945","610","2600","U"
1998-10-09,"Atlantic Salmon","A946","525","1600","U"
1998-10-09,"Atlantic Salmon","A947","573","2300","U"
1998-10-09,"Atlantic Salmon","A948","603","2100","U"
1998-10-12,"Atlantic Salmon","A949","555","1700","U"
1998-10-12,"Atlantic Salmon","A950","555","1750","U"
1998-10-12,"Atlantic Salmon","D3001","596","2100","U"
1998-10-12,"Atlantic Salmon","D3002","579","1950","U"
1998-10-12,"Atlantic Salmon","D3004","573","1900","U"
1998-10-12,"Atlantic Salmon","D3005","590","2050","U"
1998-10-12,"Atlantic Salmon","D3006","567","1850","U"
1998-10-12,"Atlantic Salmon","D3007","611","2300","U"
1998-10-12,"Atlantic Salmon","D3008","551","1700","U"
1998-10-12,"Atlantic Salmon","D3009","540","1500","U"
1998-10-14,"Atlantic Salmon","D3010","570","2100","U"
1998-10-14,"Atlantic Salmon","D3012","586","2000","U"
1998-10-14,"Atlantic Salmon","D3014","540","1650","U"
1998-10-14,"Atlantic Salmon","D3015","551","1600","U"
1998-10-14,"Atlantic Salmon","D3016","577","1800","U"
1998-10-14,"Atlantic Salmon","D3017","561","1700","U"
1998-10-14,"Atlantic Salmon","D3019","591","2000","U"
1998-10-14,"Atlantic Salmon","D3020","555","1800","U"
1998-10-16,"Atlantic Salmon","D3021","530","1400","U"
1998-10-16,"Atlantic Salmon","D3022","543","1850","U"
1998-10-16,"Atlantic Salmon","D3023","572","1850","U"
1998-10-16,"Atlantic Salmon","D3024","544","1600","U"
1998-10-16,"Atlantic Salmon","D3025","473","1050","U"
1998-10-19,"Atlantic Salmon","D3026","494","1200","U"
1998-10-19,"Atlantic Salmon","D3027","599","2200","U"
1998-10-19,"Atlantic Salmon","D3028","565","1850","U"
1998-10-21,"Atlantic Salmon","D3046","560","1450","U"
1998-10-26,"Atlantic Salmon","D3047","551","1800","U"
1998-09-21,"Atlantic Salmon","A903","650","4100","U"
1998-09-21,"Atlantic Salmon","A907","572","2250","U"
1998-09-21,"Atlantic Salmon","A908","647","3500","U"
1998-09-21,"Atlantic Salmon","A909","627","3400","U"
1998-09-23,"Atlantic Salmon","A910","658","2700","U"
1998-09-25,"Atlantic Salmon","A912","655","2800","U"
1998-09-25,"Atlantic Salmon","A913","631","3000","U"
1998-10-01,"Atlantic Salmon","A923","601","3000","U"
1998-10-01,"Atlantic Salmon","A925","568","1900","U"
1998-10-01,"Atlantic Salmon","A926","585","2500","U"
1998-10-01,"Atlantic Salmon","A927","598","2400","U"
1998-10-01,"Atlantic Salmon","A931","643","2500","U"
1998-10-12,"Atlantic Salmon","","686","4000","U"
1998-10-21,"Atlantic Salmon","D3029","610",NA,"U"
1998-10-21,"Atlantic Salmon","D3030","558",NA,"U"
1998-10-21,"Atlantic Salmon","D3031","730",NA,"U"
1998-10-21,"Atlantic Salmon","D3032","691",NA,"U"
1998-10-21,"Atlantic Salmon","D3033","570",NA,"U"
1998-10-21,"Atlantic Salmon","D3034","590",NA,"U"
1998-10-21,"Atlantic Salmon","D3035","574",NA,"U"
1998-10-21,"Atlantic Salmon","D3036","644",NA,"U"
1998-10-21,"Atlantic Salmon","D3037","541",NA,"U"
1998-10-21,"Atlantic Salmon","D3038","543",NA,"U"
1998-10-21,"Atlantic Salmon","D3039","496",NA,"U"
1998-10-21,"Atlantic Salmon","D3040","532",NA,"U"
1998-10-21,"Atlantic Salmon","D3041","605",NA,"U"
1998-10-21,"Atlantic Salmon","D3042","545",NA,"U"
1998-10-21,"Atlantic Salmon","D3043","592",NA,"U"
1998-10-21,"Atlantic Salmon","D3044","516",NA,"U"
1998-10-21,"Atlantic Salmon","D3045","595",NA,"U"
1998-10-14,"Atlantic Salmon","D3013","680","4100","U"
1998-10-14,"Atlantic Salmon","D3018","625","3700","U"
1998-10-29,"Atlantic Salmon","D3048","627",NA,"U"
1999-09-24,"Atlantic Salmon","03051","515","1600","U"
1999-09-27,"Atlantic Salmon","D3053","530","1500","U"
1999-09-27,"Atlantic Salmon","D3054","585","2400","U"
1999-09-27,"Atlantic Salmon","D3055","595","2300","U"
1999-09-27,"Atlantic Salmon","D3056","615","3100","U"
1999-09-27,"Atlantic Salmon","D3057","550","2000","U"
1999-09-29,"Atlantic Salmon","D3058","658","3000","U"
1999-09-29,"Atlantic Salmon","D3059","555","2200","U"
1999-09-29,"Atlantic Salmon","","227",NA,"U"
1999-09-29,"Atlantic Salmon","D3060","552","1700","U"
1999-09-29,"Atlantic Salmon","D3061","561","1850","U"
1999-09-29,"Atlantic Salmon","D3062","514","1500","U"
1999-09-29,"Atlantic Salmon","D3063","480","1150","U"
1999-09-29,"Atlantic Salmon","D3064","490","1600","U"
1999-09-29,"Atlantic Salmon","D3065","628","2850","U"
1999-10-01,"Atlantic Salmon","D3079","572","2250","U"
1999-10-01,"Atlantic Salmon","D3080","625","3000","U"
1999-10-01,"Atlantic Salmon","D3081","588","2300","U"
1999-10-01,"Atlantic Salmon","D3082","514","1450","U"
1999-10-01,"Atlantic Salmon","D3083","425","1000","U"
1999-10-01,"Atlantic Salmon","D3084","650","2650","U"
1999-10-01,"Atlantic Salmon","D3085","523","1400","U"
1999-10-06,"Atlantic Salmon","D3086","525","1300","U"
1999-10-06,"Atlantic Salmon","D3087","562","1800","U"
1999-10-13,"Atlantic Salmon","D3088","521","2100","U"
1999-10-13,"Atlantic Salmon","D3089","572","2500","U"
1999-10-13,"Atlantic Salmon","D3090","394","1550","U"
1999-10-15,"Atlantic Salmon","D3091","546","1900","U"
1999-10-15,"Atlantic Salmon","D3093","597","2700","U"
1999-10-18,"Atlantic Salmon","D3094","550","1900","U"
1999-10-18,"Atlantic Salmon","D3095","535","1650","U"
1999-10-18,"Atlantic Salmon","D3096","525","1600","U"
1999-10-18,"Atlantic Salmon","D3097","495","1200","U"
1999-10-18,"Atlantic Salmon","D3098","655","2950","U"
1999-10-22,"Atlantic Salmon","D3099","525","1400","U"
1999-10-22,"Atlantic Salmon","D3100","631","2900","U"
1999-10-22,"Atlantic Salmon","A701","701","3300","U"
1999-10-25,"Atlantic Salmon","D2001","520","1500","U"
1999-10-25,"Atlantic Salmon","D2002","510","1400","U"
1999-10-25,"Atlantic Salmon","D2003","540","1500","U"
1999-10-27,"Atlantic Salmon","D2004","522","1700","U"
1999-10-27,"Atlantic Salmon","D2005","641","2800","U"
1999-10-27,"Atlantic Salmon","D2006","645","3500","U"
1999-10-27,"Atlantic Salmon","D2007","544","1800","U"
1999-10-29,"Atlantic Salmon","D2011","510","1065","U"
1999-10-29,"Atlantic Salmon","D2012","610","3100","U"
1999-10-29,"Atlantic Salmon","D2013","495","1400","U"
1999-11-01,"Atlantic Salmon","D2014","625","2300","U"
1999-11-01,"Atlantic Salmon","D2015","570","2400","U"
1999-11-01,"Atlantic Salmon","D2016","565","1800","U"
1999-11-03,"Atlantic Salmon","D2017","575","2100","U"
1999-11-11,"Atlantic Salmon","D2018","520","1300","U"
2000-09-29,"Atlantic Salmon","D2020","800",NA,"U"
2000-10-09,"Atlantic Salmon","D2021","570","2100","U"
2000-10-09,"Atlantic Salmon","D2022","615","2300","U"
2000-10-09,"Atlantic Salmon","D2023","402","600","U"
2000-10-09,"Atlantic Salmon","D2024","502","1250","U"
2000-10-09,"Atlantic Salmon","D2025","515","1000","U"
2000-10-09,"Atlantic Salmon","D2026","556","1500","U"
2000-10-11,"Atlantic Salmon","D2027","530","1600","U"
2000-10-11,"Atlantic Salmon","D2028","575","2100","U"
2000-10-11,"Atlantic Salmon","D2029","571","1500","U"
2000-10-13,"Atlantic Salmon","D2030","554",NA,"U"
2000-10-17,"Atlantic Salmon","D2031","450","800","U"
2000-10-17,"Atlantic Salmon","D2032","545","1300","U"
2000-10-17,"Atlantic Salmon","D2033","652","2600","U"
2000-10-17,"Atlantic Salmon","D2034","654","2900","U"
2000-10-17,"Atlantic Salmon","D2035","567","1900","U"
2000-10-17,"Atlantic Salmon","D2036","665","3300","U"
2000-10-17,"Atlantic Salmon","D2037","545","1600","U"
2000-10-17,"Atlantic Salmon","D2038","559","1400","U"
2000-10-17,"Atlantic Salmon","D2039","541","1700","U"
2000-10-17,"Atlantic Salmon","D2040","608","1800","U"
2000-10-20,"Atlantic Salmon","D2042","545","1600","U"
2000-10-20,"Atlantic Salmon","D2043","570","1600","U"
2000-10-20,"Atlantic Salmon","D2044","410","700","U"
2000-10-20,"Atlantic Salmon","D2045","573","1600","U"
2000-10-20,"Atlantic Salmon","D2046","447","900","U"
2000-11-03,"Atlantic Salmon","D2047","542",NA,"U"
2000-11-03,"Atlantic Salmon","D2048","478","1200","U"
2000-11-03,"Atlantic Salmon","D2049","580","1500","U"
2001-10-02,"Atlantic Salmon","D2050","520",NA,"U"
2001-10-02,"Atlantic Salmon","D2674","435",NA,"U"
2001-10-29,"Atlantic Salmon","D2675","560","2900","U"
2001-10-29,"Atlantic Salmon","D2677","705","3200","U"
2001-11-01,"Atlantic Salmon","D2679","490","1200","U"
2001-11-07,"Atlantic Salmon","D2680","530","1500","U"
2021-05-02,"Atlantic Salmon","D2681","505",NA,"U"
2002-09-27,"Atlantic Salmon","D2682","545",NA,"U"
2002-09-27,"Atlantic Salmon","D2683","540",NA,"U"
2002-10-01,"Atlantic Salmon","D2684","518",NA,"U"
2002-10-01,"Atlantic Salmon","D2685","740","4600","U"
2002-10-01,"Atlantic Salmon","D2686","615",NA,"U"
2002-10-03,"Atlantic Salmon","D2687","505","1600","U"
2002-10-07,"Atlantic Salmon","D2688","565","2100","U"
2002-10-07,"Atlantic Salmon","D2689","540","1800","U"
2002-10-09,"Atlantic Salmon","D2690","532","1700","U"
2002-10-14,"Atlantic Salmon","D2691","598","2200","U"
2002-10-14,"Atlantic Salmon","D2692","632","1600","U"
2002-10-22,"Atlantic Salmon","D2693","592","1800","U"
2002-10-22,"Atlantic Salmon","D2694","491","1100","U"
2002-10-28,"Atlantic Salmon","N/A","560","1700","U"
2002-10-28,"Atlantic Salmon","N/A","567","2100","U"
2002-10-28,"Atlantic Salmon","N/A","575","1600","U"
2002-10-28,"Atlantic Salmon","N/A","492","1200","U"
2002-10-31,"Atlantic Salmon","D2695","560","1500","U"
2002-10-31,"Atlantic Salmon","D2696","635","2600","U"
2002-11-13,"Atlantic Salmon","D2697","492","1200","U"
2002-11-14,"Atlantic Salmon","D2698","528","1700","U"
2003-05-12,"Atlantic Salmon","D2700","575","","U"
2003-05-19,"Atlantic Salmon","D2462","560","","U"
2003-09-30,"Atlantic Salmon","D2479","597","2300","U"
2003-09-30,"Atlantic Salmon","D2480","520","1400","U"
2003-09-30,"Atlantic Salmon","D2481","670","3100","U"
2003-09-30,"Atlantic Salmon","D2482","468","na","U"
2003-10-02,"Atlantic Salmon","D2483","520","1200","U"
2003-10-06,"Atlantic Salmon","D2484","555","1400","U"
2003-10-10,"Atlantic Salmon","D2485","560","1700","U"
2003-10-10,"Atlantic Salmon","D2486","552","1900","U"
2003-10-14,"Atlantic Salmon","D2487","580","2100","U"
2003-10-16,"Atlantic Salmon","D2488","652","2300","U"
2003-10-22,"Atlantic Salmon","D2489","668","3500","U"
2003-10-22,"Atlantic Salmon","D2490","678","3800","U"
2003-10-22,"Atlantic Salmon","D2491","554","1500","U"
2003-10-24,"Atlantic Salmon","D2492","609","2320","U"
2003-11-06,"Atlantic Salmon","D2493","582","1940","U"
2004-09-18,"Atlantic Salmon","D2495","484","1000","U"
2004-09-21,"Atlantic Salmon","D2496","560","1700","F"
2004-09-21,"Atlantic Salmon","D2497","525","1700","F"
2004-09-21,"Atlantic Salmon","D2498","536","1500","F"
2004-10-13,"Atlantic Salmon","D2499","555","1600","M"
2004-10-13,"Atlantic Salmon","D2500","665","3100","F"
2004-10-29,"Atlantic Salmon","D5226","532","1600","M"
2004-11-05,"Atlantic Salmon",NA,"492","1000","M"
2004-11-10,"Atlantic Salmon","D5227","612","1800","M"
2004-11-10,"Atlantic Salmon","D5228","558","1700","F"
2005-09-19,"Atlantic Salmon","D5201","480","1000","F"
2005-09-30,"Atlantic Salmon","D5202","538","1500","F"
2005-10-05,"Atlantic Salmon","D5203","540","1400","M"
2005-10-10,"Atlantic Salmon","D5204","530","1500","F"
2005-10-13,"Atlantic Salmon","D5205","530","1900","M"
2005-10-13,"Atlantic Salmon","D5206","487","1300","F"
2005-10-13,"Atlantic Salmon","D5207","543","1800","M"
2005-10-24,"Atlantic Salmon","D5208","586","1600","M"
2005-10-25,"Atlantic Salmon","D5209","620","2100","M"
2005-11-01,"Atlantic Salmon","D5210","557","1500","M"
2005-11-07,"Atlantic Salmon","D5229","520","1610","F"
2005-11-09,"Atlantic Salmon","D5231","564","1900","F"
2005-11-16,"Atlantic Salmon","D5232","520","2900","F"
2005-11-16,"Atlantic Salmon","D5233","505","1400","M"
2005-11-16,"Atlantic Salmon","D5234","585","2700","F"
2006-09-21,"Atlantic Salmon","D5213","500","1000","M"
2006-09-27,"Atlantic Salmon","D5214","560","1500","M"
2006-09-27,"Atlantic Salmon","D5215","605","1800","M"
2006-09-28,"Atlantic Salmon","D5828","460","1000","F"
2006-09-28,"Atlantic Salmon","D5829","514",NA,"F"
2006-09-28,"Atlantic Salmon","not tagged","518",NA,"M"
2006-10-03,"Atlantic Salmon","D5216","520","1560","F"
2006-10-05,"Atlantic Salmon","D5217","530","1200","M"
2006-10-06,"Atlantic Salmon","D5218","553","1600","M"
2006-10-06,"Atlantic Salmon","D5219","550","1650","M"
2006-10-06,"Atlantic Salmon","D5220","520","1550","F"
2006-10-06,"Atlantic Salmon","D5221","500","1000","F"
2006-10-06,"Atlantic Salmon","D5222","514","1250","F"
2006-10-09,"Atlantic Salmon","D5223","525","1350","F"
2006-10-09,"Atlantic Salmon","D5224","482","850","F"
2006-10-09,"Atlantic Salmon","D5831","525",NA,"F"
2006-10-17,"Atlantic Salmon","D5226","602","1700","M"
2006-10-20,"Atlantic Salmon","D5235","545","1600","M"
2006-10-27,"Atlantic Salmon","na","515","1050","M"
2006-11-01,"Atlantic Salmon","D5236","540","1800","F"
2006-11-03,"Atlantic Salmon","D5237","505","1500","F"
2006-11-09,"Atlantic Salmon","D5238","495","1100","M"
2006-11-13,"Atlantic Salmon","D5240","500","1550","F"
2007-09-18,"Atlantic Salmon","D5241","471","800","U"
2007-09-20,"Atlantic Salmon","D5242","497","800","U"
2007-09-24,"Atlantic Salmon","D5243","521","1200","F"
2007-09-24,"Atlantic Salmon","D5244","591","1800","F"
2007-09-24,"Atlantic Salmon","D5245","512","1000","F"
2007-09-24,"Atlantic Salmon","D5246","572","1800","M"
2007-10-04,"Atlantic Salmon","D5247","564","2100","F"
2007-10-10,"Atlantic Salmon","D5248","624","2500","M"
2007-10-10,"Atlantic Salmon","D5249","548","1400","M"
2007-10-10,"Atlantic Salmon","D5250","544","1600","F"
2007-10-10,"Atlantic Salmon","D5251","570","1800","M"
2007-10-12,"Atlantic Salmon","D5252","623","2300","M"
2007-10-12,"Atlantic Salmon","D5253","522","1100","M"
2007-10-12,"Atlantic Salmon","D5254","561","1550","M"
2007-10-12,"Atlantic Salmon","D5255","452","900","F"
2007-10-15,"Atlantic Salmon","D5257","545","1500","M"
2007-10-15,"Atlantic Salmon","D5258","593","2400","F"
2007-10-15,"Atlantic Salmon","D5259","565","2000","M"
2007-10-15,"Atlantic Salmon","D5260","560","1700","M"
2007-10-15,"Atlantic Salmon","D5261","585","2500","F"
2007-10-15,"Atlantic Salmon","D5262","558","1600","M"
2007-10-15,"Atlantic Salmon","D5264","575","2200","F"
2007-10-22,"Atlantic Salmon","D5265","494","1200","M"
2007-10-22,"Atlantic Salmon","D5276","565","2100","F"
2007-10-24,"Atlantic Salmon","D5277","540","1200","M"
2007-10-24,"Atlantic Salmon","D5278","685","3300","M"
2007-10-24,"Atlantic Salmon","D5279","554","1500","M"
2007-10-26,"Atlantic Salmon","na","260",NA,"U"
2007-10-26,"Atlantic Salmon","D5280","516","950","F"
2007-10-29,"Atlantic Salmon","D5281","573","1700","M"
2007-10-29,"Atlantic Salmon","D5282","550","1900","F"
2007-10-31,"Atlantic Salmon","D5283","577","1800","M"
2007-10-31,"Atlantic Salmon","D5284","616","2300","F"
2007-11-02,"Atlantic Salmon","D5285","523","1100","M"
2007-11-02,"Atlantic Salmon","D5286","489","1000","F"
2007-11-08,"Atlantic Salmon","D5289","535","1800","M"
2008-08-29,"Atlantic Salmon","D5291","500","1100","M"
2008-08-29,"Atlantic Salmon","D5292","526","1400","F"
2008-08-29,"Atlantic Salmon","D5294","550","1500","F"
2008-08-29,"Atlantic Salmon","D5296","455","1100","F"
2008-08-29,"Atlantic Salmon","D5297","460","900","U"
2008-08-29,"Atlantic Salmon","D5299","531","1400","F"
2008-09-08,"Atlantic Salmon","A122","585","1950","F"
2008-09-19,"Atlantic Salmon","D6002","605","2150","F"
2008-09-19,"Atlantic Salmon","D6003","532","1350","F"
2008-09-19,"Atlantic Salmon","D6004","470","900","F"
2008-10-03,"Atlantic Salmon","D6025","618","2400","M"
2008-10-07,"Atlantic Salmon","D6024","524","1100","M"
2008-10-07,"Atlantic Salmon","D6022","555","1800","F"
2008-10-08,"Atlantic Salmon","D6021","525","1100","M"
2008-10-24,"Atlantic Salmon","D6019","454","900","F"
2008-10-28,"Atlantic Salmon","D6018","596","2050","M"
2008-10-28,"Atlantic Salmon","D6017","549","1960","F"
2008-10-28,"Atlantic Salmon","D6016","560","1720","F"
2008-11-03,"Atlantic Salmon","D6014","475","1000","F"
2009-09-29,"Atlantic Salmon","D6126","530","1440","M"
2009-09-30,"Atlantic Salmon","D6127","542","1700","F"
2009-09-30,"Atlantic Salmon","D6129","579","2140","F"
2009-10-01,"Atlantic Salmon","D6130","518","1250","F"
2009-10-01,"Atlantic Salmon","D6132","595","2160","M"
2009-10-06,"Atlantic Salmon","D6133","521","1220","U"
2009-10-07,"Atlantic Salmon","D6134","593","1980","M"
2009-10-07,"Atlantic Salmon","D6135","581","1900","M"
2009-10-07,"Atlantic Salmon","D6136","540","1420","M"
2009-10-07,"Atlantic Salmon","D6137","425","560","M"
2009-10-07,"Atlantic Salmon","D6138","572","1920","F"
2009-10-09,"Atlantic Salmon","D6139","570","2220","F"
2009-10-16,"Atlantic Salmon","D6140","532","1680","F"
2009-10-16,"Atlantic Salmon","D6141","572","1400","M"
2009-10-16,"Atlantic Salmon","D6143","545","1760","F"
2009-10-19,"Atlantic Salmon","D6144","524","1000","F"
2009-10-21,"Atlantic Salmon","D6148","568",NA,"M"
2009-10-23,"Atlantic Salmon","D6149","556","2000","F"
2009-10-23,"Atlantic Salmon","D6150","553","1760","F"
2009-10-23,"Atlantic Salmon","D6151","555","2120","F"
2009-10-23,"Atlantic Salmon","D6152","547","1080","M"
2009-10-23,"Atlantic Salmon","D6153","532","1420","F"
2009-10-23,"Atlantic Salmon","D6154","551","1400","M"
2009-10-26,"Atlantic Salmon","D6155","536","1440","F"
2009-10-26,"Atlantic Salmon","D6156","517","1300","F"
2009-10-26,"Atlantic Salmon","D6157","520","1440","F"
2009-10-29,"Atlantic Salmon","D6159","562","1980","F"
2009-10-29,"Atlantic Salmon","D6160","578","2120","F"
2009-10-29,"Atlantic Salmon","D6161","517","1680","F"
2009-10-29,"Atlantic Salmon","D6162","502","1180","F"
2009-11-02,"Atlantic Salmon","D6163","559","1260","M"
2009-11-02,"Atlantic Salmon","D6164","523","1360","F"
2009-11-10,"Atlantic Salmon","D6165","512","1300","M"
2010-09-16,"Atlantic Salmon","D6169","574","1560","M"
2010-09-16,"Atlantic Salmon","D6170","563","2000","F"
2010-09-16,"Atlantic Salmon","D6171","576","1900","F"
2010-09-16,"Atlantic Salmon","D6007","541","1160","M"
2010-09-16,"Atlantic Salmon","D6008","624","2240","M"
2010-09-16,"Atlantic Salmon","D6009","537","1560","F"
2010-09-21,"Atlantic Salmon","D6026","595","2400","F"
2010-09-21,"Atlantic Salmon","D6027","655","3220","M"
2010-09-21,"Atlantic Salmon","D6028","515","1080","F"
2010-09-21,"Atlantic Salmon","D6030","483","1060","F"
2010-09-21,"Atlantic Salmon","D6031","498","900","U"
2010-09-23,"Atlantic Salmon","D6032","556","1480","F"
2010-09-23,"Atlantic Salmon","D6033","565","1900","F"
2010-09-23,"Atlantic Salmon","D6034","553","1600","M"
2010-09-23,"Atlantic Salmon","D6036","596","2140","M"
2010-09-23,"Atlantic Salmon","D6037","538","1380","F"
2010-09-24,"Atlantic Salmon","D6039","493","1200","F"
2010-09-24,"Atlantic Salmon","D6042","552","2020","F"
2010-09-27,"Atlantic Salmon","D9043","561","2160","F"
2010-09-27,"Atlantic Salmon","D6044","634","2650","M"
2010-09-29,"Atlantic Salmon","D6045","595","2180","M"
2010-09-29,"Atlantic Salmon","D6046","625","2460","M"
2010-09-29,"Atlantic Salmon","D6047","592","2240","F"
2010-09-29,"Atlantic Salmon","D6048","570","1400","M"
2010-10-01,"Atlantic Salmon","D6049","540","1300","M"
2010-10-05,"Atlantic Salmon","D6076","588","2000","F"
2010-10-05,"Atlantic Salmon","D6077","538","1640","F"
2010-10-05,"Atlantic Salmon","D6078","613","2180","F"
2010-10-05,"Atlantic Salmon","D6079","612","2160","M"
2010-10-05,"Atlantic Salmon","D6080","517","1160","M"
2010-10-05,"Atlantic Salmon","D6081","564","1820","M"
2010-10-06,"Atlantic Salmon","D6082","583","2140","F"
2010-10-06,"Atlantic Salmon","D6177","492","1520","F"
2010-10-06,"Atlantic Salmon","D6178","572","2015","F"
2010-10-06,"Atlantic Salmon","D6179","610","2240","M"
2010-10-06,"Atlantic Salmon","D6180","615","2480","F"
2010-10-06,"Atlantic Salmon","D6182","570","1900","M"
2010-10-06,"Atlantic Salmon","D6184","564","1980","F"
2010-10-06,"Atlantic Salmon","D6186","565","1460","M"
2010-10-06,"Atlantic Salmon","D6188","529","1500","F"
2010-10-06,"Atlantic Salmon","D6189","554","1320","M"
2010-10-06,"Atlantic Salmon","D6192","565","1700","F"
2010-10-06,"Atlantic Salmon","D6194","580","2140","M"
2010-10-07,"Atlantic Salmon","D6195","593","2120","F"
2010-10-07,"Atlantic Salmon","D6197","482","1120","F"
2010-10-07,"Atlantic Salmon","D6198","583","1740","F"
2010-10-07,"Atlantic Salmon","D6199","481","1240","F"
2010-10-07,"Atlantic Salmon","D6200","530","1040","F"
2010-10-07,"Atlantic Salmon","D6051","632","2360","M"
2010-10-07,"Atlantic Salmon","D6052","578","1680","M"
2010-10-08,"Atlantic Salmon","D6054",NA,"2040","F"
2010-10-08,"Atlantic Salmon","D6055","540","1740","F"
2010-10-08,"Atlantic Salmon","D6057","585","2160","M"
2010-10-11,"Atlantic Salmon","D6058","569","1772","M"
2010-10-11,"Atlantic Salmon","D6059","581","1760","M"
2010-10-11,"Atlantic Salmon","D6060","537","1720","F"
2010-10-11,"Atlantic Salmon","D6062","587","2280","F"
2010-10-11,"Atlantic Salmon","D6063","582","2140","F"
2010-10-11,"Atlantic Salmon","D6065","549","1580","F"
2010-10-11,"Atlantic Salmon","D6067","552","1960","F"
2010-10-11,"Atlantic Salmon","D6068","553","1820","F"
2010-10-11,"Atlantic Salmon","D6069","514","1620","F"
2010-10-11,"Atlantic Salmon","D6070","575","2120","M"
2010-10-13,"Atlantic Salmon","D6072","650","2580","M"
2010-10-15,"Atlantic Salmon","D6075","505","1160","F"
2010-10-15,"Atlantic Salmon","D6101","557","2100","F"
2010-10-15,"Atlantic Salmon","D6103","606","2050","M"
2010-10-15,"Atlantic Salmon","D6104","574","1900","F"
2010-10-15,"Atlantic Salmon","D6105","582","2180","F"
2010-10-15,"Atlantic Salmon","D6108","645","2620","M"
2010-10-21,"Atlantic Salmon","D6110","513","1140","F"
2010-10-21,"Atlantic Salmon","D6111","554","1380","M"
2010-10-21,"Atlantic Salmon","D6112","527","1320","F"
2010-10-21,"Atlantic Salmon","D6113","514","1280","M"
2010-10-21,"Atlantic Salmon","D6114","583","1900","F"
2010-10-25,"Atlantic Salmon","D6116","538","1300","M"
2010-10-25,"Atlantic Salmon","D6119","580","1980","F"
2010-10-25,"Atlantic Salmon","D6121","595","2160","M"
2010-10-25,"Atlantic Salmon","D6123","482","900","M"
2010-10-26,"Atlantic Salmon","D6124","547","1820","F"
2010-10-26,"Atlantic Salmon","D6125","587","2220","F"
2010-10-26,"Atlantic Salmon","D5966","560","1860","F"
2010-10-26,"Atlantic Salmon","D5968","542","1640","F"
2010-10-26,"Atlantic Salmon","D5969","483","1140","M"
2010-10-27,"Atlantic Salmon","D5970","570","1780","F"
2010-10-27,"Atlantic Salmon","D5971","544","1280","F"
2010-10-27,"Atlantic Salmon","D5972","559","1840","F"
2010-10-27,"Atlantic Salmon","D5973","589","1920","M"
2010-10-27,"Atlantic Salmon","D5974","572","1640","M"
2010-10-27,"Atlantic Salmon","D5975","542","1490","F"
2010-10-27,"Atlantic Salmon","D6084","570","2480","F"
2010-10-27,"Atlantic Salmon","D6085","540","1860","F"
2010-10-27,"Atlantic Salmon","D6088","583","2400","F"
2010-10-29,"Atlantic Salmon","D6089","558","1880","F"
2010-10-29,"Atlantic Salmon","D6091","578","1560","M"
2010-11-02,"Atlantic Salmon","D6092","482","1260","F"
2010-11-05,"Atlantic Salmon","D6093","491","1180","F"
2010-11-05,"Atlantic Salmon","D6094","630","2340","M"
2011-09-15,"Atlantic Salmon","D6096","565","1900","F"
2011-09-15,"Atlantic Salmon","D6097","544","1450","M"
2011-09-15,"Atlantic Salmon","D6098","511","1080","M"
2011-09-15,"Atlantic Salmon","D6099","499","1200","F"
2011-09-15,"Atlantic Salmon","D6100","516","1200","F"
2011-09-15,"Atlantic Salmon","7001","537","1420","M"
2011-09-15,"Atlantic Salmon","7002","500","1160","F"
2011-09-15,"Atlantic Salmon","7003","520","1300","F"
2011-09-15,"Atlantic Salmon","7004","640","2800","F"
2011-09-15,"Atlantic Salmon","7005","498","1200","M"
2011-09-15,"Atlantic Salmon","7006","455","800","F"
2011-09-15,"Atlantic Salmon","7007","510","1250","F"
2011-09-15,"Atlantic Salmon","7008","550","1420","F"
2011-09-15,"Atlantic Salmon","7009","563","1720","M"
2011-09-15,"Atlantic Salmon","7010","635","2500","F"
2011-09-15,"Atlantic Salmon","7011","490","1110","F"
2011-09-15,"Atlantic Salmon","7012","545","1540","M"
2011-09-15,"Atlantic Salmon","7013","650","2600","F"
2011-09-15,"Atlantic Salmon","7014","572","1700","M"
2011-09-15,"Atlantic Salmon","7015","516","1480","F"
2011-09-15,"Atlantic Salmon","7016","615","2000","F"
2011-09-15,"Atlantic Salmon","7017","543","1800","M"
2011-09-15,"Atlantic Salmon","7017","503","1340","F"
2011-09-15,"Atlantic Salmon","7018","525","1540","F"
2011-09-15,"Atlantic Salmon","7019","514","1460","M"
2011-09-15,"Atlantic Salmon","7020","496","1140","M"
2011-09-15,"Atlantic Salmon","7021","476","1110","F"
2011-09-15,"Atlantic Salmon","7022","507","1120","F"
2011-09-15,"Atlantic Salmon","7023","483","1220","F"
2011-09-15,"Atlantic Salmon","7024","477","1000","F"
2011-09-15,"Atlantic Salmon","7025","557","1500","M"
2011-09-15,"Atlantic Salmon","7026","530","1500","F"
2011-09-15,"Atlantic Salmon","7027","550","1580","F"
2011-09-16,"Atlantic Salmon","7028","532","1260","M"
2011-09-16,"Atlantic Salmon","7029","515","1160","F"
2011-09-16,"Atlantic Salmon","7030","532","1160","M"
2011-09-16,"Atlantic Salmon","7031","570","1720","M"
2011-09-16,"Atlantic Salmon","7032","530","1420","M"
2011-09-16,"Atlantic Salmon","7033","520","1380","F"
2011-09-16,"Atlantic Salmon","7034","498","1180","F"
2011-09-16,"Atlantic Salmon","7035","562","1760","M"
2011-09-16,"Atlantic Salmon","7036","530","1400","M"
2011-09-16,"Atlantic Salmon","7037","517","1420","F"
2011-09-16,"Atlantic Salmon","7038","552","1500","M"
2011-09-16,"Atlantic Salmon","7039","572","1760","F"
2011-09-16,"Atlantic Salmon","7040","503","1360","F"
2011-09-16,"Atlantic Salmon","7041","542","1600","M"
2011-09-16,"Atlantic Salmon","7042","514","1460","M"
2011-09-19,"Atlantic Salmon","7043","525","1440","F"
2011-09-19,"Atlantic Salmon","7044","495","1320","F"
2011-09-19,"Atlantic Salmon","7045","555","1540","M"
2011-09-19,"Atlantic Salmon","7046","490","1280","F"
2011-09-19,"Atlantic Salmon","7047","475","1200","F"
2011-09-19,"Atlantic Salmon","7048","530","1580","M"
2011-09-19,"Atlantic Salmon","7049","490","1120","F"
2011-09-19,"Atlantic Salmon","7050","535","1660","F"
2011-09-19,"Atlantic Salmon","7051","520","1580","F"
2011-09-19,"Atlantic Salmon","7052","530","1580","F"
2011-09-21,"Atlantic Salmon","7053","544",NA,"M"
2011-09-21,"Atlantic Salmon","7055","557","1700","M"
2011-09-21,"Atlantic Salmon","7056","589","2100","M"
2011-09-21,"Atlantic Salmon","7057","516","1440","F"
2011-09-21,"Atlantic Salmon","7058","505","1320","M"
2011-09-21,"Atlantic Salmon","7059","547","1340","M"
2011-09-21,"Atlantic Salmon","7060","514","1420","F"
2011-09-23,"Atlantic Salmon","7061","534","1180","F"
2011-09-23,"Atlantic Salmon","7062","555","1700","F"
2011-09-23,"Atlantic Salmon","7063","555","1450","F"
2011-09-23,"Atlantic Salmon","7064","558","1260","M"
2011-09-23,"Atlantic Salmon","7065","533","1360","F"
2011-09-23,"Atlantic Salmon","7066","548","1600","M"
2011-09-23,"Atlantic Salmon","7067","495","1280","F"
2011-09-23,"Atlantic Salmon","7068","512","1160","M"
2011-09-23,"Atlantic Salmon","7069","543","1680","F"
2011-09-23,"Atlantic Salmon","7070","544","1720","M"
2011-09-23,"Atlantic Salmon","7071","592","1900","M"
2011-09-23,"Atlantic Salmon","7072","675","2860","M"
2011-09-23,"Atlantic Salmon","7073","530","1260","M"
2011-09-25,"Atlantic Salmon","7074","557","1550","F"
2011-09-25,"Atlantic Salmon","7075","514","1280","M"
2011-09-25,"Atlantic Salmon","7076","508","1160","F"
2011-09-25,"Atlantic Salmon","7077","525","1400","F"
2011-09-25,"Atlantic Salmon","7078","492","1020","M"
2011-09-25,"Atlantic Salmon","7079","492","1120","F"
2011-09-25,"Atlantic Salmon","7080","390","600","M"
2011-09-25,"Atlantic Salmon","7081","573","2000","F"
2011-09-25,"Atlantic Salmon","7082","490","980","F"
2011-09-25,"Atlantic Salmon","7083","505","1240","F"
2011-09-25,"Atlantic Salmon","7084","544","1480","M"
2011-09-25,"Atlantic Salmon","7085","469","840","F"
2011-09-25,"Atlantic Salmon","7086","475","900","F"
2011-09-25,"Atlantic Salmon","7087","578","1760","F"
2011-09-25,"Atlantic Salmon","7088","495","1020","F"
2011-09-25,"Atlantic Salmon","7089","720","3300","M"
2011-09-25,"Atlantic Salmon","7090","487","1220","F"
2011-09-25,"Atlantic Salmon","7091","589","1820","M"
2011-09-25,"Atlantic Salmon","7092","563","2020","F"
2011-09-25,"Atlantic Salmon","7093","532","1520","M"
2011-09-25,"Atlantic Salmon","7094","551","1800","M"
2011-09-25,"Atlantic Salmon","7095","500","1380","F"
2011-09-25,"Atlantic Salmon","7096","550","1600","F"
2011-09-25,"Atlantic Salmon","7097","665","2720","F"
2011-09-25,"Atlantic Salmon","7098","523","1620","F"
2011-09-25,"Atlantic Salmon","7099","490","1300","F"
2011-09-25,"Atlantic Salmon","7101","638","2980","F"
2011-09-25,"Atlantic Salmon","7102","483","1000","M"
2011-09-25,"Atlantic Salmon","7103","492","1000","F"
2011-09-25,"Atlantic Salmon","7104","715",NA,"F"
2011-09-25,"Atlantic Salmon","7105","581","1620","M"
2011-09-25,"Atlantic Salmon","7106","581","1720","M"
2011-09-25,"Atlantic Salmon","7107","655","2400","F"
2011-09-26,"Atlantic Salmon","7108","565","1740","M"
2011-09-26,"Atlantic Salmon","7109","523","1320","M"
2011-09-26,"Atlantic Salmon","7110","642","2360","F"
2011-09-26,"Atlantic Salmon","7111","505","1220","M"
2011-09-26,"Atlantic Salmon","7112","468","860","F"
2011-09-26,"Atlantic Salmon","7113","567","1540","M"
2011-09-26,"Atlantic Salmon","7114","512","1180","F"
2011-09-28,"Atlantic Salmon","7115","645","2600","M"
2011-09-28,"Atlantic Salmon","7116","530","1620","F"
2011-09-28,"Atlantic Salmon","7117","723","3340","M"
2011-09-28,"Atlantic Salmon","7118","470","1160","M"
2011-09-28,"Atlantic Salmon","7119","520","1760","F"
2011-09-28,"Atlantic Salmon","7120","530","1760","F"
2011-09-28,"Atlantic Salmon","7121","484","1100","F"
2011-09-28,"Atlantic Salmon","7122","512","1320","M"
2011-09-28,"Atlantic Salmon","7123","590","2100","M"
2011-09-30,"Atlantic Salmon","7126","543","1520","M"
2011-09-30,"Atlantic Salmon","7127","500","1140","M"
2011-09-30,"Atlantic Salmon","7128","521","1300","M"
2011-09-30,"Atlantic Salmon","7129","480","1240","F"
2011-09-30,"Atlantic Salmon","7130","600","2140","F"
2011-10-03,"Atlantic Salmon","7131","565","2000","F"
2011-10-03,"Atlantic Salmon","7132","580","1780","M"
2011-10-05,"Atlantic Salmon","7133","587","1840","M"
2011-10-05,"Atlantic Salmon","7134","517","1560","F"
2011-10-05,"Atlantic Salmon","7135","596","2480","F"
2011-10-05,"Atlantic Salmon","7136","540","1420","M"
2011-10-05,"Atlantic Salmon","7137","603","2360","F"
2011-10-05,"Atlantic Salmon","7138","520","1480","M"
2011-10-05,"Atlantic Salmon","7139","522","1660","F"
2011-10-07,"Atlantic Salmon","7140","494","1260","F"
2011-10-10,"Atlantic Salmon","7141","543","1820","F"
2011-10-10,"Atlantic Salmon","7142","540","1340","M"
2011-10-10,"Atlantic Salmon","7144","534","1400","F"
2011-10-10,"Atlantic Salmon","7145","510","1120","F"
2011-10-10,"Atlantic Salmon","7146","560","1820","F"
2011-10-10,"Atlantic Salmon","7147","572","1640","M"
2011-10-10,"Atlantic Salmon","7148","542","1620","M"
2011-10-10,"Atlantic Salmon","7149","495","1120","F"
2011-10-10,"Atlantic Salmon","7150","497","1000","F"
2011-10-10,"Atlantic Salmon","7143","520","1260","F"
2011-10-12,"Atlantic Salmon","7251","537","1580","F"
2011-10-12,"Atlantic Salmon","7252","454","900","F"
2011-10-12,"Atlantic Salmon","7253","546","1780","F"
2011-10-12,"Atlantic Salmon","7254","537","1300","F"
2011-10-12,"Atlantic Salmon","7255","552","1860","F"
2011-10-12,"Atlantic Salmon","7256","561","1740","M"
2011-10-12,"Atlantic Salmon","7257","525","1720","F"
2011-10-12,"Atlantic Salmon","7258","505","1540","F"
2011-10-12,"Atlantic Salmon","7259","480","1480","F"
2011-10-14,"Atlantic Salmon","7260","545","1800","F"
2011-10-14,"Atlantic Salmon","7262","665","2200","F"
2011-10-14,"Atlantic Salmon","7263","550","1720","M"
2011-10-14,"Atlantic Salmon","7264","555","1860","F"
2011-10-17,"Atlantic Salmon","7265","611","4760","F"
2011-10-17,"Atlantic Salmon","7266","562","1480","M"
2011-10-19,"Atlantic Salmon","7267","521","1420","F"
2011-10-19,"Atlantic Salmon","7268","493","1020","M"
2011-10-19,"Atlantic Salmon","7269","522","1240","M"
2011-10-19,"Atlantic Salmon","7270","708","2840","M"
2011-10-19,"Atlantic Salmon","7271","554","1780","M"
2011-10-20,"Atlantic Salmon","7272","538","1580","F"
2011-10-21,"Atlantic Salmon","7273","625","1920","F"
2011-10-21,"Atlantic Salmon","7274","486","940","M"
2011-10-24,"Atlantic Salmon","7275","540","1440","M"
2011-10-24,"Atlantic Salmon","7151","539","1480","M"
2011-10-26,"Atlantic Salmon","7152","508","1680","F"
2011-10-26,"Atlantic Salmon","7153","532","1880","F"
2011-10-26,"Atlantic Salmon","7154","545","1620","M"
2011-10-26,"Atlantic Salmon","7155","590","1740","M"
2011-10-28,"Atlantic Salmon","7156","513","1160","M"
2011-10-28,"Atlantic Salmon","7157","515","1080","M"
2011-10-28,"Atlantic Salmon","7158","516","1160","M"
2011-10-31,"Atlantic Salmon","7159","545","1200","M"
2011-11-04,"Atlantic Salmon","7160","466","1060","F"
2012-09-20,"Atlantic Salmon","7161","525","1400","F"
2012-09-20,"Atlantic Salmon","7162","527","1680","F"
2012-09-24,"Atlantic Salmon","7163","585","2140","M"
2012-09-24,"Atlantic Salmon","7164","565","2060","F"
2012-09-24,"Atlantic Salmon","7165","572","1920","M"
2012-09-24,"Atlantic Salmon","7166","481","980","F"
2012-09-26,"Atlantic Salmon","7167","540","1620","F"
2012-09-26,"Atlantic Salmon","7168","486","1460","M"
2012-09-26,"Atlantic Salmon","7169","546","1920","F"
2012-09-28,"Atlantic Salmon","7170","590","2580","F"
2012-09-28,"Atlantic Salmon","7171",NA,"1820","M"
2012-09-28,"Atlantic Salmon","7172","507","1510","F"
2012-09-28,"Atlantic Salmon","7173","466","1810","F"
2012-10-01,"Atlantic Salmon","7175","540","2100","F"
2012-10-01,"Atlantic Salmon","7501","532","1540","M"
2012-10-01,"Atlantic Salmon","7502","569","2060","M"
2012-10-01,"Atlantic Salmon","7503","580","1700","M"
2012-10-01,"Atlantic Salmon","7504","624","2600","M"
2012-10-03,"Atlantic Salmon","7505","541","2020","F"
2012-10-03,"Atlantic Salmon","7506","574","1960","M"
2012-10-03,"Atlantic Salmon","7507","552","1760","M"
2012-10-03,"Atlantic Salmon","7509","515","1320","M"
2012-10-03,"Atlantic Salmon","7510","583","2060","M"
2012-10-03,"Atlantic Salmon","7511","557","2020","U"
2012-10-04,"Atlantic Salmon","7512","523","1260","F"
2012-10-04,"Atlantic Salmon","7513","605","2180","M"
2012-10-04,"Atlantic Salmon","7514","510","1300","F"
2012-10-08,"Atlantic Salmon","7515","443","780","F"
2012-10-08,"Atlantic Salmon","7516","531","1740","F"
2012-10-08,"Atlantic Salmon","7517","532","1780","F"
2012-10-08,"Atlantic Salmon","7518","555","1920","F"
2012-10-08,"Atlantic Salmon","7519","562","2040","F"
2012-10-08,"Atlantic Salmon","7520","540","1500","M"
2012-10-09,"Atlantic Salmon","7521","612","2420","M"
2012-10-09,"Atlantic Salmon","7522","671","2440","M"
2012-10-09,"Atlantic Salmon","7523","672","4120","F"
2012-10-12,"Atlantic Salmon","7524","542","1660","M"
2012-10-12,"Atlantic Salmon","7525","584","2300","F"
2012-10-12,"Atlantic Salmon","7550","581","2110","M"
2012-10-12,"Atlantic Salmon","7549","673","3720","M"
2012-10-22,"Atlantic Salmon","7547","660","3060","U"
2012-10-24,"Atlantic Salmon","7546","416","780","M"
2012-10-25,"Atlantic Salmon","7545","588","2420","F"
2012-10-31,"Atlantic Salmon","7544","630","2820","F"
2013-07-31,"Atlantic Salmon","7543","609","2260","F"
2013-07-31,"Atlantic Salmon","7542","529","1300","F"
2013-07-31,"Atlantic Salmon","7541","507","1220","F"
2013-07-31,"Atlantic Salmon","7540","586","2540","M"
2013-07-31,"Atlantic Salmon","7539","605","2020","U"
2013-07-31,"Atlantic Salmon","7538","594","2340","F"
2013-07-31,"Atlantic Salmon","7537","510","1280","M"
2013-07-31,"Atlantic Salmon","7536","495","940","M"
2013-07-31,"Atlantic Salmon","7535","505","1180","M"
2013-07-31,"Atlantic Salmon","7534","484","1140","F"
2013-07-31,"Atlantic Salmon","7533","623","2480","M"
2013-07-31,"Atlantic Salmon","7532","575","1480","F"
2013-07-31,"Atlantic Salmon","7531","542","1520","M"
2013-07-31,"Atlantic Salmon","7530","582","2420","F"
2013-07-31,"Atlantic Salmon","7529","587","2360","F"
2013-07-31,"Atlantic Salmon","7528","579","2040","F"
2013-08-01,"Atlantic Salmon","7527","616","2920","F"
2013-08-01,"Atlantic Salmon","7526","616","2800","F"
2013-09-10,"Atlantic Salmon","7866","526","1320","M"
2013-09-10,"Atlantic Salmon","7867","602","2020","M"
2013-09-13,"Atlantic Salmon","7868","556","2260","M"
2013-09-13,"Atlantic Salmon","7869","618","2540","M"
2013-09-13,"Atlantic Salmon","7870","544","1480","F"
2013-09-16,"Atlantic Salmon","7871","584","2380","F"
2013-09-16,"Atlantic Salmon","7872","651","3100","F"
2013-09-17,"Atlantic Salmon","7873","580","1860","M"
2013-09-17,"Atlantic Salmon","7874","655","3060","M"
2013-09-17,"Atlantic Salmon","7875","427","780","M"
2013-09-17,"Atlantic Salmon","7876","595","1740","M"
2013-09-19,"Atlantic Salmon","7877","631","3020","M"
2013-09-20,"Atlantic Salmon","7879","642","2720","M"
2013-09-20,"Atlantic Salmon","7880","606","2280","F"
2013-09-20,"Atlantic Salmon","7881","599","2400","F"
2013-09-20,"Atlantic Salmon","7882","513","1300","M"
2013-09-23,"Atlantic Salmon","7883","603","2800","F"
2013-09-23,"Atlantic Salmon","7884","525","1860","F"
2013-09-23,"Atlantic Salmon","7885","699","4700","F"
2013-09-23,"Atlantic Salmon","7886","509","1020","M"
2013-09-25,"Atlantic Salmon","7887","510","1420","F"
2013-09-25,"Atlantic Salmon","7888","550","1840","F"
2013-09-25,"Atlantic Salmon","7889","580","2360","F"
2013-09-25,"Atlantic Salmon","7890","540","1380","M"
2013-09-25,"Atlantic Salmon","7891","655","2800","M"
2013-09-25,"Atlantic Salmon","7892","534","1960","F"
2013-09-25,"Atlantic Salmon","7893","516","1480","F"
2013-09-25,"Atlantic Salmon","7894","576","2320","F"
2013-09-25,"Atlantic Salmon","7895","636","2950","F"
2013-09-25,"Atlantic Salmon","7896","710","3880","F"
2013-09-25,"Atlantic Salmon","7897","655","3020","M"
2013-09-25,"Atlantic Salmon","7898","576","1980","F"
2013-09-25,"Atlantic Salmon","7899","552","1280","F"
2013-09-27,"Atlantic Salmon","7900","515","2220","F"
2013-09-27,"Atlantic Salmon","8205","572","2340","F"
2013-09-27,"Atlantic Salmon","8206","655","3760","M"
2013-09-27,"Atlantic Salmon","8207","650","3620","F"
2013-09-27,"Atlantic Salmon","8208","591","2020","M"
2013-09-27,"Atlantic Salmon","8209","660","3240","M"
2013-09-27,"Atlantic Salmon","8210","533","1900","F"
2013-09-27,"Atlantic Salmon","8211","540","1620","F"
2013-09-27,"Atlantic Salmon","8212","638","2860","M"
2013-09-27,"Atlantic Salmon","8213","633","2660","M"
2013-09-30,"Atlantic Salmon","8214","600","2060","M"
2013-09-30,"Atlantic Salmon","8215","587","1740","M"
2013-09-30,"Atlantic Salmon","8216","675","2450","M"
2013-10-02,"Atlantic Salmon","8217","607","2180","M"
2013-10-02,"Atlantic Salmon","8218","792","4680","M"
2013-10-02,"Atlantic Salmon","8219","542","1900","F"
2013-10-02,"Atlantic Salmon","8220","575","1980","M"
2013-10-02,"Atlantic Salmon","8221","609","2480","F"
2013-10-02,"Atlantic Salmon","8222","575","2260","F"
2013-10-02,"Atlantic Salmon","8223","614","2420","M"
2013-10-02,"Atlantic Salmon","8224","557","1580","M"
2013-10-02,"Atlantic Salmon","8225","665","3400","M"
2013-10-02,"Atlantic Salmon","8401","609","2320","M"
2013-10-02,"Atlantic Salmon","8402","691","4260","F"
2013-10-04,"Atlantic Salmon","8403","532","1840","F"
2013-10-04,"Atlantic Salmon","8404","517","1360","M"
2013-10-07,"Atlantic Salmon","8405","510","1720","F"
2013-10-07,"Atlantic Salmon","8406","600","2620","M"
2013-10-07,"Atlantic Salmon","8407","590","2860","M"
2013-10-07,"Atlantic Salmon","8408","594","2680","M"
2013-10-07,"Atlantic Salmon","8409","551","1720","M"
2013-10-09,"Atlantic Salmon","8410","654","3240","F"
2013-10-09,"Atlantic Salmon","8411","639","2720","M"
2013-10-09,"Atlantic Salmon","8412","616","2220","M"
2013-10-11,"Atlantic Salmon","8415","582","1740","U"
2013-10-11,"Atlantic Salmon","8425","541","1530","M"
2013-10-14,"Atlantic Salmon","8424","569","2160","F"
2013-10-14,"Atlantic Salmon","8423","531","1620","F"
2013-10-14,"Atlantic Salmon","8422","504","1100","F"
2013-10-16,"Atlantic Salmon","8421","545","2140","F"
2013-10-16,"Atlantic Salmon","8420","616","2600","M"
2013-10-16,"Atlantic Salmon","8419","426","1140","M"
2013-10-16,"Atlantic Salmon","8418","610","2320","F"
2013-10-16,"Atlantic Salmon","8417","670","3040","M"
2013-10-16,"Atlantic Salmon","8416","536","1780","F"
2013-10-18,"Atlantic Salmon","8426","594","2500","F"
2013-10-18,"Atlantic Salmon","8427","664","3540","F"
2013-10-18,"Atlantic Salmon","8428","630","2800","M"
2013-10-18,"Atlantic Salmon","8429","500","1420","M"
2013-10-21,"Atlantic Salmon","","604","2040","F"
2013-10-21,"Atlantic Salmon","","590","1900","M"
2013-10-21,"Atlantic Salmon","","693","3500","F"
2013-10-25,"Atlantic Salmon","8430","605","1880","M"
2013-11-01,"Atlantic Salmon","8431","564","2200","M"
2013-11-01,"Atlantic Salmon","8432","546","1640","M"
2013-11-04,"Atlantic Salmon","8433","640","2300","F"
2013-11-04,"Atlantic Salmon","8434","544","1640","M"
2013-11-12,"Atlantic Salmon","8435","481","1100","F"
2014-09-22,"Atlantic Salmon",NA,"640","2580","M"
2014-09-22,"Atlantic Salmon",NA,"600","2080","M"
2014-09-22,"Atlantic Salmon",NA,"584","2300","M"
2014-09-22,"Atlantic Salmon",NA,"552","1580","F"
2014-09-22,"Atlantic Salmon",NA,"510","1100","M"
2014-09-22,"Atlantic Salmon",NA,"634","2580","M"
2014-09-22,"Atlantic Salmon",NA,"542","1960","F"
2014-09-22,"Atlantic Salmon",NA,"540","2260","F"
2014-09-22,"Atlantic Salmon",NA,"598","2680","M"
2014-09-22,"Atlantic Salmon",NA,"565","2120","M"
2014-09-22,"Atlantic Salmon",NA,"502","1600","F"
2014-09-22,"Atlantic Salmon",NA,"492","1200","F"
2014-09-22,"Atlantic Salmon",NA,"528","1800","F"
2014-09-22,"Atlantic Salmon",NA,"594","2500","M"
2014-09-22,"Atlantic Salmon",NA,"644","2940","M"
2014-09-22,"Atlantic Salmon",NA,"510","1460","F"
2014-09-22,"Atlantic Salmon",NA,"632","2780","F"
2014-09-22,"Atlantic Salmon",NA,"500","1060","M"
2014-09-22,"Atlantic Salmon",NA,"660","3040","M"
2014-09-22,"Atlantic Salmon",NA,"582","2060","M"
2014-09-22,"Atlantic Salmon",NA,"500","1460","F"
2014-09-22,"Atlantic Salmon","8436","615","2640","M"
2014-09-22,"Atlantic Salmon","8437","554","1960","F"
2014-09-22,"Atlantic Salmon","8438","633","3000","M"
2014-09-22,"Atlantic Salmon","8439","618","2850","M"
2014-09-22,"Atlantic Salmon","8440","550","1860","F"
2014-09-22,"Atlantic Salmon","8441","676","3540","M"
2014-09-22,"Atlantic Salmon","8442","615","2700","M"
2014-09-22,"Atlantic Salmon","8443","608","2400","M"
2014-09-22,"Atlantic Salmon","8444","495","1160","F"
2014-09-22,"Atlantic Salmon","8445","508","1100","F"
2014-09-22,"Atlantic Salmon","8446","516","1300","F"
2014-09-22,"Atlantic Salmon","8447","610","2460","M"
2014-09-22,"Atlantic Salmon","8448","570","2400","M"
2014-09-22,"Atlantic Salmon","8449","655","3180","M"
2014-09-22,"Atlantic Salmon","8450","535","2000","F"
2014-09-22,"Atlantic Salmon","8451","615","2680","F"
2014-09-22,"Atlantic Salmon","8452","508","1280","F"
2014-09-23,"Atlantic Salmon","8453","530","1500","M"
2014-09-23,"Atlantic Salmon","8454","593","2120","M"
2014-09-23,"Atlantic Salmon","8455","552","1480","M"
2014-09-23,"Atlantic Salmon","8456","604","2420","M"
2014-09-23,"Atlantic Salmon","8457","591","2160","M"
2014-09-23,"Atlantic Salmon","8458","541","1860","F"
2014-09-23,"Atlantic Salmon","8459","617","3180","F"
2014-09-24,"Atlantic Salmon","8475","500","940","F"
2014-09-24,"Atlantic Salmon","8474","566","1800","M"
2014-09-24,"Atlantic Salmon","8473","559","1780","M"
2014-09-24,"Atlantic Salmon","8472","501","1160","M"
2014-09-24,"Atlantic Salmon","8471","602","2620","M"
2014-09-24,"Atlantic Salmon","8470","682","3900","M"
2014-09-24,"Atlantic Salmon","8469","568","2020","F"
2014-09-24,"Atlantic Salmon","8468","572","2260","F"
2014-09-25,"Atlantic Salmon","8467","593","2620","M"
2014-09-25,"Atlantic Salmon","8466","664","2740","M"
2014-09-25,"Atlantic Salmon","8465","547","2000","F"
2014-09-25,"Atlantic Salmon","8464","535","1740","M"
2014-09-25,"Atlantic Salmon","8463","663","2960","M"
2014-09-25,"Atlantic Salmon","8462","530","1960","M"
2014-09-25,"Atlantic Salmon","8461","810","6350","M"
2014-09-29,"Atlantic Salmon","8460","561","2380","F"
2014-09-29,"Atlantic Salmon","8476","382","800","M"
2014-09-29,"Atlantic Salmon","8477","596","1920","M"
2014-09-29,"Atlantic Salmon","8478","634","2780","M"
2014-10-01,"Atlantic Salmon","8479","530","1800","F"
2014-10-01,"Atlantic Salmon","8480","608","2100","M"
2014-10-01,"Atlantic Salmon","8481","570","2180","F"
2014-10-01,"Atlantic Salmon","8482","571","2240","M"
2014-10-01,"Atlantic Salmon","8483","484","1300","F"
2014-10-02,"Atlantic Salmon","8484","514","1680","F"
2014-10-02,"Atlantic Salmon","8485","584","2160","M"
2014-10-02,"Atlantic Salmon","8486","572","1980","F"
2014-10-02,"Atlantic Salmon","8487","482","960","M"
2014-10-04,"Atlantic Salmon","8488","509","1060","F"
2014-10-06,"Atlantic Salmon","8489","498","1240","F"
2014-10-06,"Atlantic Salmon","8490","540","1160","M"
2014-10-06,"Atlantic Salmon","8491","549","1380","F"
2014-10-07,"Atlantic Salmon","8492","603","2060","M"
2014-10-07,"Atlantic Salmon","8493","510","1540","M"
2014-10-09,"Atlantic Salmon","8494","571","2000","F"
2014-10-10,"Atlantic Salmon","8495","530","1820","F"
2014-10-10,"Atlantic Salmon","8496","578","1780","M"
2014-10-13,"Atlantic Salmon","8497","579","1980","M"
2014-10-13,"Atlantic Salmon","8498","510","1360","F"
2014-10-13,"Atlantic Salmon","8499","535","1320","M"
2014-10-13,"Atlantic Salmon","8500","525","1260","F"
2014-10-13,"Atlantic Salmon","9500","600","1580","M"
2014-10-15,"Atlantic Salmon","9499","584","2200","M"
2014-10-15,"Atlantic Salmon","9498","560","1760","M"
2014-10-15,"Atlantic Salmon","9497","570","1720","F"
2014-10-15,"Atlantic Salmon","9496","563","1760","F"
2014-10-15,"Atlantic Salmon","9495","540","1620","F"
2014-10-15,"Atlantic Salmon","9494","582","2060","F"
2014-10-15,"Atlantic Salmon","9493","515","1340","F"
2014-10-17,"Atlantic Salmon","9492","585","2580","F"
2014-10-17,"Atlantic Salmon","9491","600","1640","M"
2014-10-17,"Atlantic Salmon","9490","585","2020","M"
2014-10-17,"Atlantic Salmon","9489","511","1500","M"
2014-10-17,"Atlantic Salmon","9488","531","1380","F"
2014-10-17,"Atlantic Salmon","9487","601","2420","F"
2014-10-17,"Atlantic Salmon","9486","617","2460","M"
2014-10-17,"Atlantic Salmon","9485","612","1940","M"
2014-10-17,"Atlantic Salmon","9484","577","1700","M"
2014-10-17,"Atlantic Salmon","9483","705","3400","M"
2014-10-17,"Atlantic Salmon","9482","572","1780","M"
2014-10-17,"Atlantic Salmon","9481","570","1740","M"
2014-10-17,"Atlantic Salmon","9480","591","1660","M"
2014-10-17,"Atlantic Salmon","9479","582","1920","M"
2014-10-17,"Atlantic Salmon","9478","588","2760","F"
2014-10-17,"Atlantic Salmon","9477","570","2040","F"
2014-10-17,"Atlantic Salmon","9476","600","920","M"
2014-10-17,"Atlantic Salmon","9301","570","1720","M"
2014-10-17,"Atlantic Salmon","9302","563","1700","M"
2014-10-17,"Atlantic Salmon","9303","636","3820","F"
2014-10-17,"Atlantic Salmon","9304","573","1980","M"
2014-10-17,"Atlantic Salmon","9305","610","2320","M"
2014-10-19,"Atlantic Salmon","9306","524","1820","F"
2014-10-19,"Atlantic Salmon","9307","593","2580","F"
2014-10-19,"Atlantic Salmon","9308","620","2220","M"
2014-10-19,"Atlantic Salmon","9309","571","2000","F"
2014-10-19,"Atlantic Salmon","9310","562","2040","M"
2014-10-19,"Atlantic Salmon","9311","560","2040","F"
2014-10-19,"Atlantic Salmon","9312","662","3000","M"
2014-10-19,"Atlantic Salmon","9313","568","2440","F"
2014-10-19,"Atlantic Salmon","9314","545","1560","F"
2014-10-19,"Atlantic Salmon","9315","580","2300","F"
2014-10-19,"Atlantic Salmon","9316","551","1940","F"
2014-10-19,"Atlantic Salmon","9317","536","1980","F"
2014-10-19,"Atlantic Salmon","9318","491","1280","F"
2014-10-19,"Atlantic Salmon","9319","555","1940","F"
2014-10-19,"Atlantic Salmon","9320","575","1900","F"
2014-10-19,"Atlantic Salmon","9321","565","1980","M"
2014-10-19,"Atlantic Salmon","9322","551","1860","F"
2014-10-21,"Atlantic Salmon","9323","540","2020","F"
2014-10-21,"Atlantic Salmon","9324","590","2360","M"
2014-10-21,"Atlantic Salmon","9325","656","2500","F"
2014-10-21,"Atlantic Salmon","9326","578","2360","M"
2014-10-21,"Atlantic Salmon","9327","535","1660","F"
2014-10-23,"Atlantic Salmon","9327","612","2920","F"
2014-10-23,"Atlantic Salmon","9328","534","1740","F"
2014-10-23,"Atlantic Salmon","9329","520","1280","F"
2014-10-23,"Atlantic Salmon","9330","543","2120","F"
2014-10-24,"Atlantic Salmon","9331","593","1320","F"
2014-10-27,"Atlantic Salmon","9333","583","2220","M"
2014-10-27,"Atlantic Salmon","9334","470","1060","M"
2014-10-27,"Atlantic Salmon","9335","564","2040","F"
2014-10-29,"Atlantic Salmon","9336","567","1900","F"
2014-10-29,"Atlantic Salmon","9337","381","560","M"
2014-10-29,"Atlantic Salmon","9338","555","1420","M"
2014-10-29,"Atlantic Salmon","9339","593","2220","M"
2014-10-29,"Atlantic Salmon","9340","525","1940","F"
2014-10-29,"Atlantic Salmon","9341","517","1740","F"
2014-10-29,"Atlantic Salmon","9342","528","1800","F"
2014-10-29,"Atlantic Salmon","9343","541","2140","F"
2014-10-29,"Atlantic Salmon","9344","593","2000","M"
2014-10-29,"Atlantic Salmon","9345","593","3380","F"
2014-10-31,"Atlantic Salmon","9346","585","2380","F"
2014-11-10,"Atlantic Salmon","9347","523","1380","F"
2015-07-23,"Atlantic Salmon","9348","520",NA,"U"
2015-07-23,"Atlantic Salmon","9349","530",NA,"U"
2015-07-23,"Atlantic Salmon","9350","530",NA,"U"
2015-07-23,"Atlantic Salmon","9351","460",NA,"U"
2015-07-23,"Atlantic Salmon","9352","510",NA,"U"
2015-07-23,"Atlantic Salmon","9353","506",NA,"U"
2015-07-23,"Atlantic Salmon","9354","518",NA,"U"
2015-07-23,"Atlantic Salmon","9355","495",NA,"U"
2015-07-24,"Atlantic Salmon","9356","558",NA,"U"
2015-08-28,"Atlantic Salmon","9357","575","1800","F"
2015-08-28,"Atlantic Salmon","9358","530","1550","F"
2015-09-18,"Atlantic Salmon","9359","545","1180","M"
2015-09-18,"Atlantic Salmon","9360","560","1700","F"
2015-09-23,"Atlantic Salmon","9361","534","1460","F"
2015-09-23,"Atlantic Salmon","9362","534","1460","F"
2015-09-23,"Atlantic Salmon","9358","530","1550","F"
2015-09-23,"Atlantic Salmon","9363","503","1200","M"
2015-09-23,"Atlantic Salmon","9364","540","1620","F"
2015-09-23,"Atlantic Salmon","9365","524","1480","F"
2015-09-23,"Atlantic Salmon","9366","546","1620","M"
2015-09-25,"Atlantic Salmon","9367","535","1580","F"
2015-09-25,"Atlantic Salmon","9368","450","980","F"
2015-09-25,"Atlantic Salmon","9369","546","1500","M"
2015-09-28,"Atlantic Salmon","9370","547","1720","M"
2015-09-28,"Atlantic Salmon","9371","567","2000","F"
2015-09-28,"Atlantic Salmon","9372","655","2880","M"
2015-09-28,"Atlantic Salmon","9373","574","2120","F"
2015-09-30,"Atlantic Salmon","9374","612","2280","M"
2015-09-30,"Atlantic Salmon","9375","582","2160","M"
2015-09-30,"Atlantic Salmon","9376","498","1240","F"
2015-09-30,"Atlantic Salmon","9377","555","1860","F"
2015-09-30,"Atlantic Salmon","9378","600","1900","M"
2015-10-02,"Atlantic Salmon","9379","530","1280","U"
2015-10-05,"Atlantic Salmon","9380","574","1620","M"
2015-10-05,"Atlantic Salmon","9381","573","2040","M"
2015-10-05,"Atlantic Salmon","9382","542","1700","M"
2015-10-05,"Atlantic Salmon","9383","545","1360","M"
2015-10-07,"Atlantic Salmon","9384","535","1400","M"
2015-10-07,"Atlantic Salmon","9385","564","2160","F"
2015-10-07,"Atlantic Salmon","9386","546","1880","M"
2015-10-07,"Atlantic Salmon","9387","622","2200","M"
2015-10-07,"Atlantic Salmon","9388","553","1660","F"
2015-10-07,"Atlantic Salmon","9389","510","1540","F"
2015-10-07,"Atlantic Salmon","9390","525","1600","F"
2015-10-07,"Atlantic Salmon","9391","505","1360","F"
2015-10-07,"Atlantic Salmon","9392","608","2380","F"
2015-10-07,"Atlantic Salmon","9393","556","1980","F"
2015-10-07,"Atlantic Salmon","9394","498","1060","M"
2015-10-07,"Atlantic Salmon","9395","590","2000","M"
2015-10-09,"Atlantic Salmon","9396","469","760","M"
2015-10-09,"Atlantic Salmon","9397","586","1900","M"
2015-10-09,"Atlantic Salmon","9398","572","1980","F"
2015-10-09,"Atlantic Salmon","9399","607","2420","M"
2015-10-09,"Atlantic Salmon","9400","577","1780","F"
2015-10-09,"Atlantic Salmon","9401","658","2540","M"
2015-10-09,"Atlantic Salmon","9402","550","1520","M"
2015-10-09,"Atlantic Salmon","9403","640","3080","F"
2015-10-09,"Atlantic Salmon","9404","560","1780","F"
2015-10-09,"Atlantic Salmon","9405","594","1860","M"
2015-10-09,"Atlantic Salmon","9406","537","1660","M"
2015-10-09,"Atlantic Salmon","9407","590","2020","M"
2015-10-09,"Atlantic Salmon","9408","549","1460","M"
2015-10-09,"Atlantic Salmon","9409","541","1680","F"
2015-10-09,"Atlantic Salmon","9410","570","1960","F"
2015-10-09,"Atlantic Salmon","9411","578","1980","M"
2015-10-09,"Atlantic Salmon","9352","541","1560","F"
2015-10-09,"Atlantic Salmon","9412","506","1060","M"
2015-10-13,"Atlantic Salmon","9356","571","1940","F"
2015-10-13,"Atlantic Salmon","9413","572","1700","M"
2015-10-13,"Atlantic Salmon","9414","565","1640","M"
2015-10-13,"Atlantic Salmon","9415","530","1820","F"
2015-10-13,"Atlantic Salmon","9416","588","2280","M"
2015-10-13,"Atlantic Salmon","9417","613","1900","M"
2015-10-13,"Atlantic Salmon","9418","491","1060","M"
2015-10-13,"Atlantic Salmon","9419","505","1180","M"
2015-10-13,"Atlantic Salmon","9357","575","1800","F"
2015-10-14,"Atlantic Salmon","9420","555","1760","F"
2015-10-14,"Atlantic Salmon","9421","584","2040","M"
2015-10-14,"Atlantic Salmon","9422","580","2020","F"
2015-10-14,"Atlantic Salmon","9423","695","3920","F"
2015-10-14,"Atlantic Salmon","9424","460","1460","F"
2015-10-19,"Atlantic Salmon","9425","554","1180","M"
2015-10-19,"Atlantic Salmon","9426","530","1640","F"
2015-10-21,"Atlantic Salmon","9427","589","2040","M"
2015-10-21,"Atlantic Salmon","9428","536","1800","F"
2015-10-21,"Atlantic Salmon","9429","529","1580","F"
2015-10-21,"Atlantic Salmon","9430","532","1400","M"
2015-10-23,"Atlantic Salmon","9431","564","1680","M"
2015-10-23,"Atlantic Salmon","9432","563","1600","M"
2015-10-23,"Atlantic Salmon","9433","588","2400","F"
2015-10-23,"Atlantic Salmon","9434","553","1920","F"
2015-10-23,"Atlantic Salmon","9435","567","1600","M"
2015-10-23,"Atlantic Salmon","9436","588","2180","F"
2015-10-23,"Atlantic Salmon","9437","505","1460","F"
2015-10-23,"Atlantic Salmon","9438","550","1720","M"
2015-10-23,"Atlantic Salmon","9439","575","1820","M"
2015-10-23,"Atlantic Salmon","9355","513","1080","M"
2015-10-23,"Atlantic Salmon","9440","550","1600","M"
2015-10-23,"Atlantic Salmon","9441","558","1580","F"
2015-10-26,"Atlantic Salmon","9442","607","1960","M"
2015-10-26,"Atlantic Salmon","9443","555","1780","M"
2015-10-26,"Atlantic Salmon","9444","492","1120","M"
2015-10-26,"Atlantic Salmon","9445","563","1880","M"
2015-10-26,"Atlantic Salmon","9446","571","1720","M"
2015-10-26,"Atlantic Salmon","9447","610","2040","U"
2015-10-26,"Atlantic Salmon","9448","573","2160","F"
2015-10-26,"Atlantic Salmon","9449","546","1620","F"
2015-10-28,"Atlantic Salmon","9450","546","1400","M"
2015-10-28,"Atlantic Salmon","501","557","1720","F"
2015-10-28,"Atlantic Salmon","502","536","1420","M"
2015-10-30,"Atlantic Salmon","503","575","1700","M"
2015-11-02,"Atlantic Salmon","504","640","2500","M"
2015-11-02,"Atlantic Salmon","505","546","1660","M"
2015-11-02,"Atlantic Salmon","506","575","1880","F"
2015-11-02,"Atlantic Salmon","507","578","1800","M"
2015-11-02,"Atlantic Salmon","508","532","1840","F"
2015-11-02,"Atlantic Salmon","509","593","2220","M"
2015-11-02,"Atlantic Salmon","510","545","1980","F"
2015-11-03,"Atlantic Salmon","511","551","1680","M"
2015-11-03,"Atlantic Salmon","513","566","1940","F"
2015-11-06,"Atlantic Salmon","9350","548","1380","M"
2015-11-06,"Atlantic Salmon","514","573","1940","M"
2015-11-06,"Atlantic Salmon","515","518","1720","F"
2015-11-06,"Atlantic Salmon","516","555","2180","F"
2015-11-06,"Atlantic Salmon","517","541","1440","M"
2015-11-06,"Atlantic Salmon","518","569","2140","F"
2015-11-06,"Atlantic Salmon","519","466","820","F"
2015-11-06,"Atlantic Salmon","520","550","1620","F"
2015-11-06,"Atlantic Salmon","521","538","1640","F"
2015-11-06,"Atlantic Salmon","522","443","1260","F"
2015-11-06,"Atlantic Salmon","523","521","1660","F"
2015-11-09,"Atlantic Salmon","525","521","1060","M"
2015-11-09,"Atlantic Salmon","526","558","1640","M"
2015-11-13,"Atlantic Salmon","527","655","2400","F"
2016-09-15,"Atlantic Salmon","528","640","2480","M"
2016-09-16,"Atlantic Salmon","529","521","1260","M"
2016-09-18,"Atlantic Salmon","530","550","1360","F"
2016-09-18,"Atlantic Salmon","531","570","1900","M"
2016-09-18,"Atlantic Salmon","532","525","1640","F"
2016-09-18,"Atlantic Salmon","533","534","1720","F"
2016-09-19,"Atlantic Salmon","534","571","1900","M"
2016-09-19,"Atlantic Salmon","535","564","1900","F"
2016-09-21,"Atlantic Salmon","536","627","2580","M"
2016-09-21,"Atlantic Salmon","537","581","2060","M"
2016-09-21,"Atlantic Salmon","538","650","2760","M"
2016-09-23,"Atlantic Salmon","539","668","3060","M"
2016-09-25,"Atlantic Salmon","540","483","1020","M"
2016-09-25,"Atlantic Salmon","541","612","2060","M"
2016-09-27,"Atlantic Salmon","542","695","3700","F"
2016-09-27,"Atlantic Salmon","543","669","3180","F"
2016-09-27,"Atlantic Salmon","544","592","2080","M"
2016-09-27,"Atlantic Salmon","545","566","1900","M"
2016-09-27,"Atlantic Salmon","546","665","3460","F"
2016-09-27,"Atlantic Salmon","547","681","3220","F"
2016-09-27,"Atlantic Salmon","548","568","1860","M"
2016-09-28,"Atlantic Salmon","549","538","1420","M"
2016-09-28,"Atlantic Salmon","550","512","1460","F"
2016-09-28,"Atlantic Salmon","551","742","4640","M"
2016-09-30,"Atlantic Salmon","552","562","1700","M"
2016-09-30,"Atlantic Salmon","553","651","2640","F"
2016-09-30,"Atlantic Salmon","554","568","2000","F"
2016-09-30,"Atlantic Salmon","555","564","1840","M"
2016-09-30,"Atlantic Salmon","556","518","1200","M"
2016-09-30,"Atlantic Salmon","557","542","1620","M"
2016-09-30,"Atlantic Salmon","558","571","1920","M"
2016-09-30,"Atlantic Salmon","559","581","2620","F"
2016-09-30,"Atlantic Salmon","560","670","2400","M"
2016-09-30,"Atlantic Salmon","561","531","1900","F"
2016-09-30,"Atlantic Salmon","562","528","1620","M"
2016-10-03,"Atlantic Salmon","564","604","2180","F"
2016-10-03,"Atlantic Salmon","565","486","980","M"
2016-10-03,"Atlantic Salmon","566","551","1980","F"
2016-10-03,"Atlantic Salmon","567","604","2500","M"
2016-10-05,"Atlantic Salmon","568","588","1740","M"
2016-10-05,"Atlantic Salmon","569","590","1860","M"
2016-10-06,"Atlantic Salmon","570","530","1580","F"
2016-10-06,"Atlantic Salmon","571","630","2240","M"
2016-10-06,"Atlantic Salmon","572","648","3340","F"
2016-10-07,"Atlantic Salmon","573","575","1540","F"
2016-10-07,"Atlantic Salmon","574","552","1800","F"
2016-10-07,"Atlantic Salmon","575","575","2240","F"
2016-10-07,"Atlantic Salmon","576","585","1740","M"
2016-10-07,"Atlantic Salmon","577","630","2640","F"
2016-10-11,"Atlantic Salmon","578","642","2820","M"
2016-10-11,"Atlantic Salmon","579","537","1940","F"
2016-10-11,"Atlantic Salmon","580","562","1940","F"
2016-10-11,"Atlantic Salmon","581","500","1140","M"
2016-10-11,"Atlantic Salmon","582","512","1460","F"
2016-10-13,"Atlantic Salmon","583","570","2000","F"
2016-10-14,"Atlantic Salmon","584","530","1460","F"
2016-10-14,"Atlantic Salmon","585","624","2360","M"
2016-10-17,"Atlantic Salmon","586","502","1080","M"
2016-10-17,"Atlantic Salmon","587","545","1840","M"
2016-10-17,"Atlantic Salmon","588","621","2420","M"
2016-10-17,"Atlantic Salmon","589","554","2000","F"
2016-10-17,"Atlantic Salmon","590","710","3200","M"
2016-10-21,"Atlantic Salmon","591","578","2000","M"
2016-10-21,"Atlantic Salmon","9390","554","1720","F"
2016-10-21,"Atlantic Salmon","592","678","3540","F"
2016-10-21,"Atlantic Salmon","593","540","1440","M"
2016-10-21,"Atlantic Salmon","594","563","1580","M"
2016-10-21,"Atlantic Salmon","595","622","2400","M"
2016-10-24,"Atlantic Salmon","596","725","4220","M"
2016-10-24,"Atlantic Salmon","597","490","840","M"
2016-10-24,"Atlantic Salmon","598","616","2600","F"
2016-10-24,"Atlantic Salmon","599","688","3920","F"
2016-10-24,"Atlantic Salmon","600","587","1920","M"
2016-10-26,"Atlantic Salmon","3501","581","1800","F"
2016-10-26,"Atlantic Salmon","3502","520","1400","F"
2016-10-28,"Atlantic Salmon","3503","538","1520","M"
2016-10-28,"Atlantic Salmon","3504","561","1940","F"
2016-10-31,"Atlantic Salmon","3505","610","2420","M"
2016-10-31,"Atlantic Salmon","3506","526","1560","F"
2016-11-04,"Atlantic Salmon","3507","621","2020","M"
2016-11-04,"Atlantic Salmon","3508","566","1540","M"
2016-11-04,"Atlantic Salmon","3509","540","1340","M"
2016-11-04,"Atlantic Salmon","3511","534","1620","F"
2016-11-04,"Atlantic Salmon","3513","535","1500","F"
2016-11-04,"Atlantic Salmon","3514","482","960","M"
2016-11-04,"Atlantic Salmon","3515","722","4180","M"
2016-11-07,"Atlantic Salmon","3518","515","1580","F"
2016-11-09,"Atlantic Salmon","3519","511","1400","F"
2016-11-10,"Atlantic Salmon","3520","493","1420","F"
2016-11-11,"Atlantic Salmon","539",NA,NA,"U"
2017-05-16,"Atlantic Salmon","3522","710","3500","M"
2017-07-19,"Atlantic Salmon",NA,"588","1980","U"
2017-07-19,"Atlantic Salmon","3523","674","3340","M"
2017-07-19,"Atlantic Salmon","3524","550","1620","U"
2017-07-19,"Atlantic Salmon","3525","679","2890","U"
2017-07-19,"Atlantic Salmon","3526","727","4820","U"
2017-07-19,"Atlantic Salmon","3527","625","2040","U"
2017-07-19,"Atlantic Salmon","3528","545","1500","U"
2017-07-19,"Atlantic Salmon","3529","630","2820","U"
2017-07-19,"Atlantic Salmon","3530","641","2810","U"
2017-08-03,"Atlantic Salmon","3531","605","2060","U"
2017-08-03,"Atlantic Salmon","3532","474","1040","U"
2017-08-03,"Atlantic Salmon","3533","615","2120","U"
2017-08-03,"Atlantic Salmon","3534","642","2260","U"
2017-08-03,"Atlantic Salmon","3535","589","1640","U"
2017-08-03,"Atlantic Salmon","3536","548","1560","U"
2017-08-03,"Atlantic Salmon","3537","596","2020","U"
2017-08-10,"Atlantic Salmon","3538","652","3280","F"
2017-08-10,"Atlantic Salmon","3539","601","2180","U"
2017-08-10,"Atlantic Salmon","3540","578","1900","M"
2017-08-10,"Atlantic Salmon","3541","653","2200","M"
2017-08-10,"Atlantic Salmon","3542","521","1080","M"
2017-08-10,"Atlantic Salmon","3543","578","1640","F"
2017-08-10,"Atlantic Salmon","3544","526","1520","F"
2017-08-10,"Atlantic Salmon","3545","648","2570","M"
2017-08-10,"Atlantic Salmon","3546","564","1740","F"
2017-08-10,"Atlantic Salmon","3547","531","1660","M"
2017-08-17,"Atlantic Salmon","3548","499","1060","U"
2017-08-24,"Atlantic Salmon","3549","614","2420","U"
2017-08-24,"Atlantic Salmon","3550","535","1520","U"
2017-09-06,"Atlantic Salmon","3540","575","1760","U"
2017-09-06,"Atlantic Salmon","3542","522","960","M"
2017-09-08,"Atlantic Salmon",NA,"610",NA,"F"
2017-09-12,"Atlantic Salmon","3551","566","2040","M"
2017-09-12,"Atlantic Salmon","3552","473","1140","M"
2017-09-13,"Atlantic Salmon","3543","584","1480","F"
2017-09-13,"Atlantic Salmon","3553","602","2520","F"
2017-09-13,"Atlantic Salmon","3554","544","1480","M"
2017-09-13,"Atlantic Salmon","3555","622","2720","M"
2017-09-13,"Atlantic Salmon","3556","516","1520","F"
2017-09-13,"Atlantic Salmon","3557","487","1400","F"
2017-09-14,"Atlantic Salmon","3558","546","1800","M"
2017-09-14,"Atlantic Salmon","3559","617","2660","F"
2017-09-14,"Atlantic Salmon","3532","470","940","F"
2017-09-14,"Atlantic Salmon","3560","565","2140","M"
2017-09-14,"Atlantic Salmon","3561","660","2760","F"
2017-09-14,"Atlantic Salmon","3562","530","2120","M"
2017-09-14,"Atlantic Salmon","3563","605","2360","M"
2017-09-14,"Atlantic Salmon","3548","500","1360","F"
2017-09-15,"Atlantic Salmon","3564","587","2100","M"
2017-09-18,"Atlantic Salmon","3565","571","2140","M"
2017-09-21,"Atlantic Salmon","3566","635","3100","F"
2017-10-03,"Atlantic Salmon","3567","621","2720","M"
2017-10-05,"Atlantic Salmon","3568","677","4220","F"
2017-10-05,"Atlantic Salmon","3569","587","1940","M"
2017-10-05,"Atlantic Salmon","3570","533","1780","F"
2017-10-05,"Atlantic Salmon","3571","620","3080","F"
2017-10-05,"Atlantic Salmon","3572","592","2420","F"
2017-10-06,"Atlantic Salmon","3573","662","3160","F"
2017-10-06,"Atlantic Salmon","3574","720","4020","M"
2017-10-06,"Atlantic Salmon","3575","539","1940","M"
2017-10-06,"Atlantic Salmon","3576","737","4380","M"
2017-10-09,"Atlantic Salmon","3577","670","4100","F"
2017-10-09,"Atlantic Salmon","3578","662","3460","M"
2017-10-09,"Atlantic Salmon","3536","577","2000","M"
2017-10-09,"Atlantic Salmon","3547","575","2440","F"
2017-10-09,"Atlantic Salmon","3539","590","1980","F"
2017-10-09,"Atlantic Salmon","3580","570","2120","M"
2017-10-09,"Atlantic Salmon","3581","610","2500","M"
2017-10-09,"Atlantic Salmon","3582","778","5040","M"
2017-10-10,"Atlantic Salmon","3583","515","1180","M"
2017-10-10,"Atlantic Salmon","3584","615","2100","M"
2017-10-10,"Atlantic Salmon","3585",NA,"1700","M"
2017-10-10,"Atlantic Salmon","3586","640","2180","M"
2017-10-10,"Atlantic Salmon","3587","563","2000","M"
2017-10-10,"Atlantic Salmon","3589","575","1960","M"
2017-10-11,"Atlantic Salmon","3546","553","1460","F"
2017-10-13,"Atlantic Salmon","3590","590","2450","F"
2017-10-13,"Atlantic Salmon","3591","530","1400","M"
2017-10-13,"Atlantic Salmon","3592","655","3460","F"
2017-10-13,"Atlantic Salmon","3593","670","3740","F"
2017-10-13,"Atlantic Salmon","3601","698","3580","M"
2017-10-13,"Atlantic Salmon","3602","561","1920","M"
2017-10-16,"Atlantic Salmon","3603","615","2440","M"
2017-10-16,"Atlantic Salmon","3604","638","2960","M"
2017-10-16,"Atlantic Salmon","3605","625","2700","F"
2017-10-16,"Atlantic Salmon","3538","657","2940","F"
2017-10-16,"Atlantic Salmon","3606","615","2640","M"
2017-10-16,"Atlantic Salmon","3607","560","2200","F"
2017-10-18,"Atlantic Salmon","3608","553","1460","M"
2017-10-20,"Atlantic Salmon","3609","645","2120","M"
2017-10-20,"Atlantic Salmon","3611","631","2920","F"
2017-10-23,"Atlantic Salmon","3612","648","3260","F"
2017-10-23,"Atlantic Salmon","3613","645","2580","M"
2017-10-23,"Atlantic Salmon","3614","655","3440","F"
2017-10-24,"Atlantic Salmon","3615","520","1500","M"
2017-10-24,"Atlantic Salmon","3616","674","3240","M"
2017-10-24,"Atlantic Salmon","3617","627","3080","F"
2017-10-25,"Atlantic Salmon","3618","603","2220","M"
2017-10-25,"Atlantic Salmon","3619","725","3720","M"
2017-10-27,"Atlantic Salmon","3620","562","1840","M"
2017-10-27,"Atlantic Salmon","3621","660","3240","M"
2017-10-27,"Atlantic Salmon","3622","670","2900","F"
2017-10-27,"Atlantic Salmon","3623","661","3240","F"
2017-10-31,"Atlantic Salmon","3537","596","2020","F"
2017-11-07,"Atlantic Salmon","3624","543","1740","M"
2017-11-07,"Atlantic Salmon","3625","576","2500","F"
2017-11-09,"Atlantic Salmon","3626","625","3120","M"
2017-11-09,"Atlantic Salmon","2647","423","820","M"
2018-09-14,"Atlantic Salmon","3627","562","2000","M"
2018-09-24,"Atlantic Salmon","3628","538","1340","M"
2018-09-27,"Atlantic Salmon","3629","771","5200","M"
2018-09-27,"Atlantic Salmon","3631","503","1280","F"
2018-09-27,"Atlantic Salmon","3632","505","1580","M"
2018-09-28,"Atlantic Salmon","3633","582","2620","F"
2018-10-01,"Atlantic Salmon","3634","525","1760","F"
2018-10-01,"Atlantic Salmon","3635","575","2160","F"
2018-10-01,"Atlantic Salmon","3636","586","2320","M"
2018-10-01,"Atlantic Salmon","3637","645","3100","F"
2018-10-01,"Atlantic Salmon","3638","600","2400","M"
2018-10-01,"Atlantic Salmon","3639","531","1700","F"
2018-10-03,"Atlantic Salmon","3640","634","2620","M"
2018-10-03,"Atlantic Salmon","3641","550","1480","F"
2018-10-03,"Atlantic Salmon","3642","600","2240","M"
2018-10-05,"Atlantic Salmon","3643","592","2220","M"
2018-10-05,"Atlantic Salmon","3644","573","2210","F"
2018-10-09,"Atlantic Salmon","3645","596","2180","M"
2018-10-09,"Atlantic Salmon","3646","581","2540","F"
2018-10-09,"Atlantic Salmon","3647","515","1400","M"
2018-10-09,"Atlantic Salmon","3648","540","1900","F"
2018-10-09,"Atlantic Salmon","3649","530","1800","F"
2018-10-09,"Atlantic Salmon","3650","573","2060","F"
2018-10-09,"Atlantic Salmon","3651","534","1840","F"
2018-10-09,"Atlantic Salmon","3652","330","440","U"
2018-10-09,"Atlantic Salmon","3653","494","1340","F"
2018-10-09,"Atlantic Salmon","3654","491","1380","F"
2018-10-09,"Atlantic Salmon","3655","275","260","U"
2018-10-09,"Atlantic Salmon","3658","300","300","U"
2018-10-09,"Atlantic Salmon","3659","320","360","U"
2018-10-10,"Atlantic Salmon","3660","595","2000","M"
2018-10-10,"Atlantic Salmon","3661","551","1740","M"
2018-10-10,"Atlantic Salmon",NA,"305","380","U"
2018-10-10,"Atlantic Salmon",NA,"260","220","U"
2018-10-12,"Atlantic Salmon","3662","584","2240","M"
2018-10-12,"Atlantic Salmon","3663","521","1200","F"
2018-10-12,"Atlantic Salmon","3664","513","1600","F"
2018-10-12,"Atlantic Salmon","3665","570","2100","F"
2018-10-12,"Atlantic Salmon",NA,"284","240","U"
2018-10-15,"Atlantic Salmon","3666","590","1460","M"
2018-10-15,"Atlantic Salmon","3667","595","2100","M"
2018-10-15,"Atlantic Salmon","3668","502","1480","M"
2018-10-15,"Atlantic Salmon","3669","608","2120","M"
2018-10-15,"Atlantic Salmon",NA,"296","280","U"
2018-10-18,"Atlantic Salmon","3670","525","1380","M"
2018-11-01,"Atlantic Salmon","2798","516","1410","F"
2018-11-08,"Atlantic Salmon","2836","490","1260","F"
2018-11-08,"Atlantic Salmon","3671","482","1220","M"
2018-11-14,"Atlantic Salmon","3672","510","1200","M"
2018-11-15,"Atlantic Salmon","3673","517","1380","F"
2019-05-09,"Atlantic Salmon","3674","501","1220","M"
2019-06-14,"Atlantic Salmon","3675","584","1800","U"
2019-06-14,"Atlantic Salmon","3676","662","2760","U"
2019-06-14,"Atlantic Salmon","3677","641","2700","U"
2019-07-12,"Atlantic Salmon","3678","525","1240","U"
2019-07-12,"Atlantic Salmon","3679","490","1240","M"
2019-07-12,"Atlantic Salmon","3680","660","2540","M"
2019-09-30,"Atlantic Salmon","3681","575","1800","M"
2019-09-30,"Atlantic Salmon","3682","560","2180","F"
2019-09-30,"Atlantic Salmon","3683","553","1620","M"
2019-09-30,"Atlantic Salmon","3684","546","1920","M"
2019-09-30,"Atlantic Salmon","3685","550","1980","M"
2019-10-02,"Atlantic Salmon","3686","595","2200","M"
2019-10-02,"Atlantic Salmon","3688","648","2700","M"
2019-10-04,"Atlantic Salmon","3689","513","1520","F"
2019-10-07,"Atlantic Salmon","3690","574","2200","M"
2019-10-07,"Atlantic Salmon","3691","554","2080","M"
2019-10-07,"Atlantic Salmon","3692","507","1520","F"
2019-10-07,"Atlantic Salmon","3693","585","2180","M"
2019-10-10,"Atlantic Salmon","3694","565","1900","F"
2019-10-10,"Atlantic Salmon","3695","595","2040","M"
2019-10-10,"Atlantic Salmon","3696","582","2220","M"
2019-10-10,"Atlantic Salmon","3697","600","2540","M"
2019-10-11,"Atlantic Salmon","3698","586","1960","M"
2019-10-11,"Atlantic Salmon","3699","522","1480","F"
2019-10-11,"Atlantic Salmon","3700","566","1780","M"
2019-10-12,"Atlantic Salmon","3701","582","1800","M"
2019-10-12,"Atlantic Salmon","3702","514","1500","F"
2019-10-12,"Atlantic Salmon","3703","548","1860","F"
2019-10-12,"Atlantic Salmon","3704","575","2020","F"
2019-10-12,"Atlantic Salmon","3705","604","2000","M"
2019-10-12,"Atlantic Salmon","3706","588","1940","M"
2019-10-12,"Atlantic Salmon","3707","545","2020","F"
2019-10-12,"Atlantic Salmon","3708","562","2320","F"
2019-10-15,"Atlantic Salmon","3709","603","2160","M"
2019-10-15,"Atlantic Salmon","3710","612","2820","M"
2019-10-17,"Atlantic Salmon","3712","539","1920","F"
2019-10-17,"Atlantic Salmon","3714","578","2400","F"
2019-10-17,"Atlantic Salmon","3715","535","1820","M"
2019-10-21,"Atlantic Salmon","753","679","3360","F"
2019-10-22,"Atlantic Salmon","3716","577","1940","M"
2019-10-22,"Atlantic Salmon","3717","580","2010","M"
2019-10-22,"Atlantic Salmon","4393","561","1520","M"
2019-10-22,"Atlantic Salmon","3720","493","1380","F"
2019-10-22,"Atlantic Salmon","3721","482","1400","F"
2019-10-22,"Atlantic Salmon","3722","493","1340","F"
2019-10-23,"Atlantic Salmon","3723","557","1940","F"
2019-10-23,"Atlantic Salmon","3724","542","1660","M"
2019-10-23,"Atlantic Salmon","3725","455","740","M"
2019-10-25,"Atlantic Salmon","3750","681","3300","F"
2019-10-25,"Atlantic Salmon","3749","475","1020","M"
2019-10-25,"Atlantic Salmon","3748","581","1900","M"
2019-10-25,"Atlantic Salmon","3747","511","1380","F"
2019-10-25,"Atlantic Salmon","3746","486","1120","M"
2019-10-25,"Atlantic Salmon","3745","548","2000","F"
2019-10-28,"Atlantic Salmon","3744","559","1740","M"
2019-10-28,"Atlantic Salmon","3743","493","1240","F"
2019-10-28,"Atlantic Salmon","3742","547","1900","F"
2019-10-28,"Atlantic Salmon","3741","535","1340","M"
2019-11-01,"Atlantic Salmon",NA,NA,NA,"U"
2019-11-01,"Atlantic Salmon",NA,NA,NA,"U"
2019-11-01,"Atlantic Salmon",NA,NA,NA,"U"
2019-11-08,"Atlantic Salmon","3740","492","1180","M"
2020-10-02,"Atlantic Salmon","3726","591","2120","M"
2020-10-02,"Atlantic Salmon","3727","528","1620","F"
2020-10-02,"Atlantic Salmon","3729","645","3100","F"
2020-10-05,"Atlantic Salmon","3730","593","2440","F"
2020-10-07,"Atlantic Salmon","3731","567","2120","M"
2020-10-07,"Atlantic Salmon","3733","571","2020","F"
2020-10-09,"Atlantic Salmon","3735","546","1900","F"
2020-10-09,"Atlantic Salmon","3736","722","4280","F"
2020-10-12,"Atlantic Salmon","3737","514","1580","F"
2020-10-12,"Atlantic Salmon","3738","600","2080","M"
2020-10-12,"Atlantic Salmon","3596","547","1760","F"
2020-10-12,"Atlantic Salmon","3600","565","1640","M"
2020-10-12,"Atlantic Salmon","3751","704","3520","M"
2020-10-12,"Atlantic Salmon","3752","625","2920","F"
2020-10-12,"Atlantic Salmon","3753","640","2780","M"
2020-10-14,"Atlantic Salmon","3754","702","3240","M"
2020-10-14,"Atlantic Salmon","3755","617","2380","M"
2020-10-14,"Atlantic Salmon","3756","527","1760","F"
2020-10-14,"Atlantic Salmon","3757","629","2460","M"
2020-10-16,"Atlantic Salmon","3758","648","2640","M"
2020-10-19,"Atlantic Salmon","3759","533","1640","M"
2020-10-19,"Atlantic Salmon","3760","592","2320","F"
2020-10-19,"Atlantic Salmon","3761","576","1860","M"
2020-10-19,"Atlantic Salmon","3762","568","1700","M"
2020-10-21,"Atlantic Salmon","3764","614","2360","M"
2020-10-21,"Atlantic Salmon","3766","615","2100","M"
2020-10-21,"Atlantic Salmon","3767","620","2340","M"
2020-10-21,"Atlantic Salmon","3768","581","2040","F"
2020-10-21,"Atlantic Salmon","3769","622","2260","M"
2020-10-21,"Atlantic Salmon","3770","599","2420","F"
2020-10-21,"Atlantic Salmon","3771","599","2620","M"
2020-10-26,"Atlantic Salmon","3772","668","3140","M"
2020-10-26,"Atlantic Salmon","3773","534","1760","F"
2020-10-26,"Atlantic Salmon","3775","574","1900","F"
2020-10-26,"Atlantic Salmon","3776","641","2700","M"
2020-11-02,"Atlantic Salmon","3777","564","1980","F"
2020-11-06,"Atlantic Salmon","3778","629","2380","M"
2020-11-09,"Atlantic Salmon","3779","511","1320","M"
